name,description,sector,industry,exchange,close,score,tier,n_checks,timing,fcf_yield,sh_yield,fwd_pe,dd_52w,target_upside,nd_ebitda,why,risk
APTV,Aptiv PLC,Producer Manufacturing,Electrical Products,NYSE,43.64,82.80,A,8,Near lows,29.61,9.48,7.59,-44.40,52.64,1.79,"FCF yield 29.6% vs 10Y Treasury 4.3% and S&P ~4–5% | Returns 9.5%/yr to holders (dividend 0.0% + buyback 9.5%) | Fwd P/E 7.6 vs sector median 19.6 | 44% below 52w high, 2% above 52w low | 5-year return -67% — long capitulation | Analysts: 4 Hold / 14 Buy / 0 Sell, avg target +53% | Beat EPS by 14% yet stock moved -17.9% — capitulation signature | Insiders bought $8.3M on the open market (last 90d, 4 buyer(s)) | Short interest -33% over ~6 weeks — shorts leaving",Revenue shrinking -5.4% y/y — value-trap risk | FCF yield looks too high — check for one-offs (the author's 'P/E illusion' warning)
INTU,Intuit Inc.,Technology Services,Packaged Software,NASDAQ,269.40,73.80,B,5,Still falling,11.97,5.59,11.67,-61.63,47.52,0.17,"FCF yield 12.0% vs 10Y Treasury 4.3% and S&P ~4–5% | Returns 5.6%/yr to holders (dividend 1.7% + buyback 3.8%) | Fwd P/E 11.7 vs sector median 19.5 | 62% below 52w high, 7% above 52w low | 5-year return -52% — long capitulation | Analysts: 13 Hold / 17 Buy / 2 Sell, avg target +48% | Short interest -42% over ~6 weeks — shorts leaving",Missed EPS last quarter (-39%)
ADT,"ADT, Inc.",Commercial Services,Miscellaneous Commercial Services,NYSE,6.19,72.50,A,7,Still falling,38.58,11.97,6.71,-30.34,32.96,2.63,"FCF yield 38.6% vs 10Y Treasury 4.3% and S&P ~4–5% | Returns 12.0%/yr to holders (dividend 3.4% + buyback 8.5%) | Fwd P/E 6.7 vs sector median 14.8 | 30% below 52w high, 1% above 52w low | Analysts: 5 Hold / 2 Buy / 1 Sell, avg target +33% | Short interest -26% over ~6 weeks — shorts leaving",Leverage: net debt/EBITDA 2.6x (author's CMCSA trigger was 2.9x) | FCF yield looks too high — check for one-offs (the author's 'P/E illusion' warning)
CMCSA,Comcast Corporation,Consumer Services,Cable/Satellite TV,NASDAQ,21.79,72.30,A,8,Still falling,26.42,10.88,6.29,-33.68,35.38,2.41,"FCF yield 26.4% vs 10Y Treasury 4.3% and S&P ~4–5% | Returns 10.9%/yr to holders (dividend 6.0% + buyback 4.9%) | Fwd P/E 6.3 vs sector median 17.1 | 34% below 52w high, 2% above 52w low | 5-year return -58% — long capitulation | Analysts: 16 Hold / 10 Buy / 3 Sell, avg target +35% | Beat EPS by 8% yet stock moved -5.2% — capitulation signature",FCF yield looks too high — check for one-offs (the author's 'P/E illusion' warning)
ZTS,"Zoetis, Inc.",Health Technology,Pharmaceuticals: Major,NYSE,71.43,69.80,A,8,Near lows,8.02,8.19,11.41,-51.99,26.81,1.86,"FCF yield 8.0% vs 10Y Treasury 4.3% and S&P ~4–5% | Returns 8.2%/yr to holders (dividend 2.9% + buyback 5.3%) | Fwd P/E 11.4 vs sector median 20.0 | 52% below 52w high, 3% above 52w low | 5-year return -64% — long capitulation | Analysts: 11 Hold / 6 Buy / 0 Sell, avg target +27% | Short interest -19% over ~6 weeks — shorts leaving",
JD,"JD.com, Inc. Sponsored ADR",Retail Trade,Internet Retail,NASDAQ,26.61,69.40,A,7,Near lows,14.60,9.92,8.08,-27.81,48.52,-10.28,"FCF yield 14.6% vs 10Y Treasury 4.3% and S&P ~4–5% | Returns 9.9%/yr to holders (dividend 3.7% + buyback 6.2%) | Fwd P/E 8.1 vs sector median 16.6 | 28% below 52w high, 9% above 52w low | 5-year return -65% — long capitulation | Analysts: 4 Hold / 27 Buy / 1 Sell, avg target +49% | Beat EPS by 12% yet stock moved -8.1% — capitulation signature",
CHTR,"Charter Communications, Inc.",Consumer Services,Cable/Satellite TV,NASDAQ,111.40,69.40,B,6,Still falling,22.34,10.79,2.73,-61.02,83.47,4.33,"FCF yield 22.3% vs 10Y Treasury 4.3% and S&P ~4–5% | Returns 10.8%/yr to holders (dividend 0.0% + buyback 10.8%) | Fwd P/E 2.7 vs sector median 17.1 | 61% below 52w high, 1% above 52w low | 5-year return -85% — long capitulation | Analysts: 13 Hold / 6 Buy / 6 Sell, avg target +83% | Short interest -31% over ~6 weeks — shorts leaving",Leverage: net debt/EBITDA 4.3x (author's CMCSA trigger was 2.9x) | Revenue shrinking -1.5% y/y — value-trap risk
TDC,Teradata Corporation,Technology Services,Packaged Software,NYSE,28.55,69.30,A,7,Mid-range,27.72,2.73,10.54,-31.67,17.34,-1.38,"FCF yield 27.7% vs 10Y Treasury 4.3% and S&P ~4–5% | Fwd P/E 10.5 vs sector median 19.5 | 32% below 52w high, 40% above 52w low | 5-year return -48% — long capitulation | Beat EPS by 24% yet stock moved -18.3% — capitulation signature | Short interest -23% over ~6 weeks — shorts leaving",FCF yield looks too high — check for one-offs (the author's 'P/E illusion' warning)
LCII,LCI Industries,Producer Manufacturing,Miscellaneous Manufacturing,NYSE,85.52,69.20,A,7,Still falling,13.80,10.41,10.03,-46.44,49.32,2.19,"FCF yield 13.8% vs 10Y Treasury 4.3% and S&P ~4–5% | Returns 10.4%/yr to holders (dividend 5.4% + buyback 5.0%) | Fwd P/E 10.0 vs sector median 19.6 | 46% below 52w high, 3% above 52w low | 5-year return -35% — long capitulation | Analysts: 6 Hold / 6 Buy / 0 Sell, avg target +49%",
DECK,Deckers Outdoor Corporation,Consumer Non-Durables,Apparel/Footwear,NYSE,78.36,68.90,A,8,Near lows,10.47,6.81,10.42,-35.92,52.71,-0.86,"FCF yield 10.5% vs 10Y Treasury 4.3% and S&P ~4–5% | Returns 6.8%/yr to holders (dividend 0.0% + buyback 6.8%) | Fwd P/E 10.4 vs sector median 14.7 | 36% below 52w high, 1% above 52w low | Analysts: 11 Hold / 12 Buy / 3 Sell, avg target +53% | Beat EPS by 7% yet stock moved -6.3% — capitulation signature",Short interest rising 49%
ACN,Accenture Plc,Technology Services,Information Technology Services,NYSE,174.47,68.80,A,7,Mid-range,11.78,4.25,12.58,-40.06,9.28,-0.14,"FCF yield 11.8% vs 10Y Treasury 4.3% and S&P ~4–5% | Returns 4.2%/yr to holders (dividend 3.7% + buyback 0.5%) | Fwd P/E 12.6 vs sector median 19.5 | 40% below 52w high, 48% above 52w low | 5-year return -47% — long capitulation | Beat EPS by 2% yet stock moved -20.0% — capitulation signature | Short interest -25% over ~6 weeks — shorts leaving",
NICE,NICE Ltd. Sponsored ADR,Technology Services,Information Technology Services,NASDAQ,109.09,68.70,A,7,Turning up,9.63,4.46,9.76,-26.93,17.17,-0.33,"FCF yield 9.6% vs 10Y Treasury 4.3% and S&P ~4–5% | Returns 4.5%/yr to holders (dividend 0.0% + buyback 4.5%) | Fwd P/E 9.8 vs sector median 19.5 | 27% below 52w high, 31% above 52w low | 5-year return -61% — long capitulation | Beat EPS by 2% yet stock moved -6.0% — capitulation signature | Short interest -33% over ~6 weeks — shorts leaving",
EPAM,"EPAM Systems, Inc.",Technology Services,Information Technology Services,NYSE,107.55,67.80,A,7,Mid-range,8.70,4.56,8.18,-51.67,12.22,-0.89,"FCF yield 8.7% vs 10Y Treasury 4.3% and S&P ~4–5% | Returns 4.6%/yr to holders (dividend 0.0% + buyback 4.6%) | Fwd P/E 8.2 vs sector median 19.5 | 52% below 52w high, 47% above 52w low | 5-year return -82% — long capitulation | Beat EPS by 7% yet stock moved -11.3% — capitulation signature | Short interest -22% over ~6 weeks — shorts leaving",
PYPL,"PayPal Holdings, Inc.",Commercial Services,Miscellaneous Commercial Services,NASDAQ,54.28,67.70,A,7,Mid-range,14.18,8.11,10.08,-31.48,4.09,0.40,"FCF yield 14.2% vs 10Y Treasury 4.3% and S&P ~4–5% | Returns 8.1%/yr to holders (dividend 0.8% + buyback 7.4%) | Fwd P/E 10.1 vs sector median 14.8 | 31% below 52w high, 41% above 52w low | 5-year return -80% — long capitulation | Short interest -27% over ~6 weeks — shorts leaving",
TTD,"Trade Desk, Inc.",Technology Services,Packaged Software,NASDAQ,12.34,67.60,C,4,Still falling,14.88,4.28,31.42,-78.12,8.39,-1.47,"FCF yield 14.9% vs 10Y Treasury 4.3% and S&P ~4–5% | Returns 4.3%/yr to holders (dividend 0.0% + buyback 4.3%) | EV/EBITDA 6.7 vs sector median 18.2 | 78% below 52w high, 1% above 52w low | 5-year return -83% — long capitulation",Missed EPS last quarter (-21%)
DOX,Amdocs Limited,Technology Services,Information Technology Services,NASDAQ,57.42,67.40,A,7,Mid-range,10.34,7.73,7.74,-32.94,47.45,0.89,"FCF yield 10.3% vs 10Y Treasury 4.3% and S&P ~4–5% | Returns 7.7%/yr to holders (dividend 3.8% + buyback 3.9%) | Fwd P/E 7.7 vs sector median 19.5 | 33% below 52w high, 15% above 52w low | Analysts: 3 Hold / 3 Buy / 0 Sell, avg target +47% | Short interest -17% over ~6 weeks — shorts leaving",Missed EPS last quarter (-0%)
MMS,"MAXIMUS, Inc.",Commercial Services,Miscellaneous Commercial Services,NYSE,52.10,67.20,B,6,Still falling,15.88,11.64,6.50,-47.90,77.54,2.24,"FCF yield 15.9% vs 10Y Treasury 4.3% and S&P ~4–5% | Returns 11.6%/yr to holders (dividend 2.5% + buyback 9.2%) | Fwd P/E 6.5 vs sector median 14.8 | 48% below 52w high, 2% above 52w low | 5-year return -39% — long capitulation | Beat EPS by 1% yet stock moved -6.3% — capitulation signature",Revenue shrinking -3.3% y/y — value-trap risk
FOUR,"Shift4 Payments, Inc.",Commercial Services,Miscellaneous Commercial Services,NYSE,37.03,67.00,A,7,Still falling,14.82,6.01,7.10,-54.27,46.93,3.48,"FCF yield 14.8% vs 10Y Treasury 4.3% and S&P ~4–5% | Returns 6.0%/yr to holders (dividend 0.0% + buyback 6.0%) | Fwd P/E 7.1 vs sector median 14.8 | 54% below 52w high, 7% above 52w low | 5-year return -55% — long capitulation | Analysts: 12 Hold / 12 Buy / 0 Sell, avg target +47% | Beat EPS by 5% yet stock moved -22.7% — capitulation signature",Leverage: net debt/EBITDA 3.5x (author's CMCSA trigger was 2.9x)
CRUS,"Cirrus Logic, Inc.",Electronic Technology,Semiconductors,NASDAQ,119.53,66.80,B,6,Mid-range,9.55,3.24,14.18,-33.75,38.04,-1.45,"FCF yield 9.6% vs 10Y Treasury 4.3% and S&P ~4–5% | Fwd P/E 14.2 vs sector median 29.0 | 34% below 52w high, 12% above 52w low | Analysts: 2 Hold / 5 Buy / 0 Sell, avg target +38% | Beat EPS by 1% yet stock moved -7.5% — capitulation signature",
ADBE,Adobe Inc.,Technology Services,Packaged Software,NASDAQ,231.01,66.80,B,6,Still falling,11.78,6.35,9.44,-36.48,17.93,0.11,"FCF yield 11.8% vs 10Y Treasury 4.3% and S&P ~4–5% | Returns 6.3%/yr to holders (dividend 0.0% + buyback 6.3%) | Fwd P/E 9.4 vs sector median 19.5 | 36% below 52w high, 22% above 52w low | 5-year return -61% — long capitulation",
TIMB,TIM S.A. Sponsored ADR,Communications,Wireless Telecommunications,NYSE,17.64,66.60,B,6,Near lows,19.84,7.78,9.98,-37.49,36.04,0.88,"FCF yield 19.8% vs 10Y Treasury 4.3% and S&P ~4–5% | Returns 7.8%/yr to holders (dividend 6.5% + buyback 1.3%) | EV/EBITDA 4.1 vs sector median 7.4 | 37% below 52w high, 3% above 52w low | Analysts: 10 Hold / 4 Buy / 0 Sell, avg target +36%",Missed EPS last quarter (-3%)
CARG,"CarGurus, Inc.",Technology Services,Internet Software/Services,NASDAQ,30.81,66.50,B,5,Still falling,10.61,9.37,11.74,-25.25,36.32,0.21,"FCF yield 10.6% vs 10Y Treasury 4.3% and S&P ~4–5% | Returns 9.4%/yr to holders (dividend 0.0% + buyback 9.4%) | Fwd P/E 11.7 vs sector median 19.5 | 25% below 52w high, 17% above 52w low | Analysts: 6 Hold / 8 Buy / 0 Sell, avg target +36%",
OTEX,Open Text Corporation,Technology Services,Packaged Software,NASDAQ,22.22,66.50,C,4,Mid-range,14.60,9.74,5.81,-44.31,24.26,2.82,"FCF yield 14.6% vs 10Y Treasury 4.3% and S&P ~4–5% | Returns 9.7%/yr to holders (dividend 4.8% + buyback 5.0%) | Fwd P/E 5.8 vs sector median 19.5 | 44% below 52w high, 12% above 52w low | 5-year return -56% — long capitulation | Analysts: 11 Hold / 2 Buy / 0 Sell, avg target +24%",Leverage: net debt/EBITDA 2.8x (author's CMCSA trigger was 2.9x) | Revenue shrinking -3.6% y/y — value-trap risk
FIS,"Fidelity National Information Services, Inc.",Technology Services,Packaged Software,NYSE,34.31,66.30,B,6,Still falling,16.59,7.95,5.53,-50.37,42.45,3.97,"FCF yield 16.6% vs 10Y Treasury 4.3% and S&P ~4–5% | Returns 7.9%/yr to holders (dividend 4.7% + buyback 3.2%) | Fwd P/E 5.5 vs sector median 19.5 | 50% below 52w high, 0% above 52w low | 5-year return -72% — long capitulation | Analysts: 15 Hold / 12 Buy / 1 Sell, avg target +42%",Leverage: net debt/EBITDA 4.0x (author's CMCSA trigger was 2.9x)
INFY,Infosys Limited Sponsored ADR,Technology Services,Information Technology Services,NYSE,10.52,66.20,B,5,Still falling,9.26,6.58,13.22,-64.93,17.29,-0.46,"FCF yield 9.3% vs 10Y Treasury 4.3% and S&P ~4–5% | Returns 6.6%/yr to holders (dividend 4.3% + buyback 2.3%) | Fwd P/E 13.2 vs sector median 19.5 | 65% below 52w high, 2% above 52w low | 5-year return -53% — long capitulation",Revenue shrinking -0.6% y/y — value-trap risk | Missed EPS last quarter (-1%)
SNY,Sanofi SA Sponsored ADR,Health Technology,Pharmaceuticals: Major,NASDAQ,41.18,66.10,C,4,Still falling,12.29,7.97,8.29,-21.83,21.42,0.88,"FCF yield 12.3% vs 10Y Treasury 4.3% and S&P ~4–5% | Returns 8.0%/yr to holders (dividend 4.3% + buyback 3.7%) | Fwd P/E 8.3 vs sector median 20.0 | 22% below 52w high, 1% above 52w low | Analysts: 4 Hold / 3 Buy / 0 Sell, avg target +21%",
TLK,PT Telkom Indonesia (Persero) Tbk Sponsored ADR,Communications,Wireless Telecommunications,NYSE,13.23,66.10,B,5,Still falling,19.18,7.48,11.61,-43.74,44.15,0.30,"FCF yield 19.2% vs 10Y Treasury 4.3% and S&P ~4–5% | Returns 7.5%/yr to holders (dividend 7.5% + buyback 0.0%) | EV/EBITDA 3.5 vs sector median 7.4 | 44% below 52w high, 0% above 52w low | 5-year return -46% — long capitulation | Analysts: 2 Hold / 17 Buy / 1 Sell, avg target +44%",Revenue shrinking -3.4% y/y — value-trap risk
TKC,Turkcell Iletisim Hizmetleri A.S. Sponsored ADR,Communications,Wireless Telecommunications,NYSE,5.10,65.70,C,4,Near lows,32.75,3.12,8.85,-28.97,52.33,0.76,"FCF yield 32.8% vs 10Y Treasury 4.3% and S&P ~4–5% | EV/EBITDA 2.4 vs sector median 7.4 | 29% below 52w high, 6% above 52w low | Analysts: 0 Hold / 6 Buy / 0 Sell, avg target +52% | Short interest -19% over ~6 weeks — shorts leaving",FCF yield looks too high — check for one-offs (the author's 'P/E illusion' warning)
LULU,lululemon athletica inc.,Consumer Non-Durables,Apparel/Footwear,NASDAQ,100.58,65.70,B,6,Near lows,11.63,4.12,10.50,-55.49,-2.22,0.30,"FCF yield 11.6% vs 10Y Treasury 4.3% and S&P ~4–5% | Returns 4.1%/yr to holders (dividend 0.0% + buyback 4.1%) | Fwd P/E 10.5 vs sector median 14.7 | 55% below 52w high, 5% above 52w low | 5-year return -76% — long capitulation | Beat EPS by 63% yet stock moved -16.2% — capitulation signature",Short interest rising 40%
GNTX,Gentex Corporation,Producer Manufacturing,Auto Parts: OEM,NASDAQ,22.34,65.60,B,5,Near lows,10.55,7.30,10.65,-21.64,13.51,-0.38,"FCF yield 10.6% vs 10Y Treasury 4.3% and S&P ~4–5% | Returns 7.3%/yr to holders (dividend 2.1% + buyback 5.2%) | Fwd P/E 10.6 vs sector median 19.6 | 22% below 52w high, 9% above 52w low | 5-year return -33% — long capitulation",
SFD,"Smithfield Foods, Inc.",Consumer Non-Durables,Food: Meat/Fish/Dairy,NASDAQ,19.14,65.30,A,7,Still falling,10.50,6.24,8.61,-35.78,40.69,0.63,"FCF yield 10.5% vs 10Y Treasury 4.3% and S&P ~4–5% | Returns 6.2%/yr to holders (dividend 6.2% + buyback 0.0%) | Fwd P/E 8.6 vs sector median 14.7 | 36% below 52w high, 2% above 52w low | Analysts: 1 Hold / 5 Buy / 0 Sell, avg target +41% | Beat EPS by 3% yet stock moved -7.0% — capitulation signature",Short interest rising 28%
LRN,"Stride, Inc.",Consumer Services,Other Consumer Services,NYSE,76.66,65.30,B,5,Still falling,13.60,4.69,10.33,-50.56,54.19,-0.71,"FCF yield 13.6% vs 10Y Treasury 4.3% and S&P ~4–5% | Returns 4.7%/yr to holders (dividend 0.0% + buyback 4.7%) | Fwd P/E 10.3 vs sector median 17.1 | 51% below 52w high, 26% above 52w low | Analysts: 2 Hold / 3 Buy / 0 Sell, avg target +54%",
ZG,"Zillow Group, Inc.",Technology Services,Internet Software/Services,NASDAQ,28.15,65.00,A,7,Still falling,4.14,14.91,12.60,-64.25,64.18,-0.38,"Returns 14.9%/yr to holders (dividend 0.0% + buyback 14.9%) | Fwd P/E 12.6 vs sector median 19.5 | 64% below 52w high, 1% above 52w low | 5-year return -69% — long capitulation | Analysts: 15 Hold / 13 Buy / 0 Sell, avg target +64% | Beat EPS by 16% yet stock moved -8.8% — capitulation signature",
POST,"Post Holdings, Inc.",Consumer Non-Durables,Food: Specialty/Candy,NYSE,74.87,65.00,A,7,Near lows,16.81,9.59,9.78,-36.16,40.47,5.12,"FCF yield 16.8% vs 10Y Treasury 4.3% and S&P ~4–5% | Returns 9.6%/yr to holders (dividend 0.0% + buyback 9.6%) | Fwd P/E 9.8 vs sector median 14.7 | 36% below 52w high, 3% above 52w low | Analysts: 2 Hold / 5 Buy / 0 Sell, avg target +40% | Beat EPS by 5% yet stock moved -11.8% — capitulation signature | Short interest -17% over ~6 weeks — shorts leaving",Leverage: net debt/EBITDA 5.1x (author's CMCSA trigger was 2.9x)
GEN,Gen Digital Inc.,Technology Services,Packaged Software,NASDAQ,20.85,64.80,B,5,Still falling,12.40,5.39,7.12,-34.11,60.67,2.85,"FCF yield 12.4% vs 10Y Treasury 4.3% and S&P ~4–5% | Returns 5.4%/yr to holders (dividend 2.3% + buyback 3.1%) | Fwd P/E 7.1 vs sector median 19.5 | 34% below 52w high, 17% above 52w low | Analysts: 7 Hold / 4 Buy / 0 Sell, avg target +61%",Leverage: net debt/EBITDA 2.9x (author's CMCSA trigger was 2.9x)
HRB,"H&R Block, Inc.",Consumer Services,Other Consumer Services,NYSE,40.34,64.70,A,7,Still falling,15.21,11.28,6.56,-31.24,28.08,1.05,"FCF yield 15.2% vs 10Y Treasury 4.3% and S&P ~4–5% | Returns 11.3%/yr to holders (dividend 4.0% + buyback 7.3%) | Fwd P/E 6.6 vs sector median 17.1 | 31% below 52w high, 43% above 52w low | Analysts: 3 Hold / 1 Buy / 1 Sell, avg target +28%",
SNN,Smith & Nephew plc Sponsored ADR,Health Technology,Medical Specialties,NYSE,27.08,64.50,C,4,Near lows,7.60,5.56,12.35,-27.81,17.47,1.82,"FCF yield 7.6% vs 10Y Treasury 4.3% and S&P ~4–5% | Returns 5.6%/yr to holders (dividend 2.8% + buyback 2.8%) | Fwd P/E 12.3 vs sector median 20.0 | 28% below 52w high, 3% above 52w low | Beat EPS by 1% yet stock moved -6.3% — capitulation signature",
CROX,"Crocs, Inc.",Consumer Non-Durables,Apparel/Footwear,NASDAQ,122.36,64.50,B,5,Mid-range,12.01,11.08,8.77,-13.39,12.99,1.64,"FCF yield 12.0% vs 10Y Treasury 4.3% and S&P ~4–5% | Returns 11.1%/yr to holders (dividend 0.0% + buyback 11.1%) | Fwd P/E 8.8 vs sector median 14.7 | Insiders bought $612.6K on the open market (last 90d, 2 buyer(s))",Revenue shrinking -2.0% y/y — value-trap risk
TAP,Molson Coors Beverage Company,Consumer Non-Durables,Beverages: Alcoholic,NYSE,36.27,64.40,C,4,Still falling,19.37,11.76,7.70,-33.84,22.33,2.79,"FCF yield 19.4% vs 10Y Treasury 4.3% and S&P ~4–5% | Returns 11.8%/yr to holders (dividend 5.3% + buyback 6.4%) | Fwd P/E 7.7 vs sector median 14.7 | 34% below 52w high, 2% above 52w low | Analysts: 13 Hold / 4 Buy / 3 Sell, avg target +22%",Leverage: net debt/EBITDA 2.8x (author's CMCSA trigger was 2.9x) | Revenue shrinking -1.8% y/y — value-trap risk
MTCH,"Match Group, Inc.",Technology Services,Internet Software/Services,NASDAQ,39.51,64.40,A,7,Mid-range,12.59,9.45,14.20,-12.07,6.00,2.69,"FCF yield 12.6% vs 10Y Treasury 4.3% and S&P ~4–5% | Returns 9.5%/yr to holders (dividend 1.9% + buyback 7.5%) | Fwd P/E 14.2 vs sector median 19.5 | 5-year return -76% — long capitulation | Beat EPS by 7% yet stock moved -5.9% — capitulation signature | Insiders bought $109.9K on the open market (last 90d, 1 buyer(s))",Leverage: net debt/EBITDA 2.7x (author's CMCSA trigger was 2.9x)
OSK,Oshkosh Corp,Consumer Durables,Motor Vehicles,NYSE,132.79,64.40,A,7,Still falling,13.48,4.79,12.41,-26.43,27.12,0.64,"FCF yield 13.5% vs 10Y Treasury 4.3% and S&P ~4–5% | Returns 4.8%/yr to holders (dividend 1.7% + buyback 3.1%) | Fwd P/E 12.4 vs sector median 16.5 | 26% below 52w high, 14% above 52w low | Analysts: 7 Hold / 7 Buy / 0 Sell, avg target +27% | Beat EPS by 9% yet stock moved -7.8% — capitulation signature | Short interest -24% over ~6 weeks — shorts leaving",
LEA,Lear Corporation,Producer Manufacturing,Auto Parts: OEM,NYSE,120.24,64.20,B,6,Mid-range,14.32,7.98,7.99,-20.02,24.37,1.59,"FCF yield 14.3% vs 10Y Treasury 4.3% and S&P ~4–5% | Returns 8.0%/yr to holders (dividend 2.5% + buyback 5.5%) | Fwd P/E 8.0 vs sector median 19.6 | 20% below 52w high, 25% above 52w low | Analysts: 12 Hold / 4 Buy / 0 Sell, avg target +24% | Beat EPS by 8% yet stock moved -14.5% — capitulation signature",
CTSH,Cognizant Technology Solutions Corporation,Technology Services,Information Technology Services,NASDAQ,56.75,63.90,B,5,Mid-range,10.16,5.50,9.85,-34.79,13.24,0.26,"FCF yield 10.2% vs 10Y Treasury 4.3% and S&P ~4–5% | Returns 5.5%/yr to holders (dividend 2.3% + buyback 3.2%) | Fwd P/E 9.9 vs sector median 19.5 | 35% below 52w high, 53% above 52w low | Short interest -20% over ~6 weeks — shorts leaving",Missed EPS last quarter (-1%)
WIT,Wipro Limited Sponsored ADR,Technology Services,Information Technology Services,NYSE,1.62,63.80,C,4,Still falling,9.78,4.72,11.71,-47.57,13.03,-0.96,"FCF yield 9.8% vs 10Y Treasury 4.3% and S&P ~4–5% | Returns 4.7%/yr to holders (dividend 4.7% + buyback 0.0%) | Fwd P/E 11.7 vs sector median 19.5 | 48% below 52w high, 1% above 52w low | 5-year return -64% — long capitulation",Revenue shrinking -0.1% y/y — value-trap risk | Missed EPS last quarter (-5%) | Short interest rising 62%
BILL,"BILL Holdings, Inc.",Technology Services,Packaged Software,NYSE,41.60,63.50,B,6,Still falling,10.00,10.63,11.05,-27.29,38.16,-1.33,"FCF yield 10.0% vs 10Y Treasury 4.3% and S&P ~4–5% | Returns 10.6%/yr to holders (dividend 0.0% + buyback 10.6%) | Fwd P/E 11.0 vs sector median 19.5 | 27% below 52w high, 32% above 52w low | 5-year return -84% — long capitulation | Analysts: 9 Hold / 14 Buy / 0 Sell, avg target +38%",
BBWI,"Bath & Body Works, Inc.",Retail Trade,Specialty Stores,NYSE,16.19,63.40,B,5,Mid-range,31.58,11.81,5.98,-40.91,36.30,3.00,"FCF yield 31.6% vs 10Y Treasury 4.3% and S&P ~4–5% | Returns 11.8%/yr to holders (dividend 4.9% + buyback 6.9%) | Fwd P/E 6.0 vs sector median 16.6 | 41% below 52w high, 13% above 52w low | 5-year return -76% — long capitulation | Analysts: 13 Hold / 6 Buy / 1 Sell, avg target +36%",Leverage: net debt/EBITDA 3.0x (author's CMCSA trigger was 2.9x) | Revenue shrinking -2.2% y/y — value-trap risk | High beta 2.15 | FCF yield looks too high — check for one-offs (the author's 'P/E illusion' warning)
VSNT,"Versant Media Group, Inc.",Consumer Services,Cable/Satellite TV,NASDAQ,32.46,63.30,B,5,Still falling,38.02,0.25,7.99,-44.98,39.66,0.64,"FCF yield 38.0% vs 10Y Treasury 4.3% and S&P ~4–5% | Fwd P/E 8.0 vs sector median 17.1 | 45% below 52w high, 19% above 52w low | 5-year return -41% — long capitulation | Analysts: 4 Hold / 3 Buy / 0 Sell, avg target +40%",Revenue shrinking -3.6% y/y — value-trap risk | FCF yield looks too high — check for one-offs (the author's 'P/E illusion' warning)
BWA,BorgWarner Inc.,Producer Manufacturing,Trucks/Construction/Farm Machinery,NYSE,61.07,63.20,A,7,Mid-range,9.75,6.42,11.70,-22.52,32.99,0.76,"FCF yield 9.8% vs 10Y Treasury 4.3% and S&P ~4–5% | Returns 6.4%/yr to holders (dividend 1.1% + buyback 5.3%) | Fwd P/E 11.7 vs sector median 19.6 | 23% below 52w high, 51% above 52w low | Analysts: 6 Hold / 9 Buy / 0 Sell, avg target +33% | Insiders bought $500.7K on the open market (last 90d, 1 buyer(s)) | Short interest -28% over ~6 weeks — shorts leaving",
NVO,Novo Nordisk A/S Sponsored ADR,Health Technology,Pharmaceuticals: Major,NYSE,38.71,63.10,B,5,Still falling,6.92,3.17,11.37,-39.67,14.96,0.55,"FCF yield 6.9% vs 10Y Treasury 4.3% and S&P ~4–5% | Fwd P/E 11.4 vs sector median 20.0 | 40% below 52w high, 10% above 52w low | Beat EPS by 24% yet stock moved -5.4% — capitulation signature",
FMS,Fresenius Medical Care AG Sponsored ADR,Health Services,Medical/Nursing Services,NYSE,22.95,62.90,B,5,Mid-range,17.37,7.49,9.76,-16.97,-9.37,2.73,FCF yield 17.4% vs 10Y Treasury 4.3% and S&P ~4–5% | Returns 7.5%/yr to holders (dividend 2.7% + buyback 4.8%) | Fwd P/E 9.8 vs sector median 18.2 | 5-year return -36% — long capitulation | Beat EPS by 5% yet stock moved -6.4% — capitulation signature,Leverage: net debt/EBITDA 2.7x (author's CMCSA trigger was 2.9x)
VIV,Telefonica Brasil SA Sponsored ADR,Communications,Wireless Telecommunications,NYSE,11.29,62.80,B,6,Near lows,11.08,5.16,11.88,-34.57,30.25,0.45,"FCF yield 11.1% vs 10Y Treasury 4.3% and S&P ~4–5% | Returns 5.2%/yr to holders (dividend 3.4% + buyback 1.8%) | EV/EBITDA 4.4 vs sector median 7.4 | 35% below 52w high, 1% above 52w low | Analysts: 6 Hold / 5 Buy / 3 Sell, avg target +30% | Short interest -23% over ~6 weeks — shorts leaving",Missed EPS last quarter (-11%)
SBSW,Sibanye Stillwater Limited Sponsored ADR,Non-Energy Minerals,Precious Metals,NYSE,10.14,62.60,B,6,Mid-range,11.34,2.34,4.32,-52.37,40.04,0.29,"FCF yield 11.3% vs 10Y Treasury 4.3% and S&P ~4–5% | Fwd P/E 4.3 vs sector median 13.9 | 52% below 52w high, 29% above 52w low | Analysts: 4 Hold / 6 Buy / 1 Sell, avg target +40% | Short interest -28% over ~6 weeks — shorts leaving",High beta 2.19
EXPE,"Expedia Group, Inc.",Consumer Services,Other Consumer Services,NASDAQ,264.23,62.60,B,6,Mid-range,14.06,5.80,12.66,-22.74,31.02,-1.09,"FCF yield 14.1% vs 10Y Treasury 4.3% and S&P ~4–5% | Returns 5.8%/yr to holders (dividend 0.7% + buyback 5.1%) | Fwd P/E 12.7 vs sector median 17.1 | 23% below 52w high, 43% above 52w low | Analysts: 22 Hold / 16 Buy / 1 Sell, avg target +31% | Short interest -20% over ~6 weeks — shorts leaving",
ACI,"Albertsons Companies, Inc.",Retail Trade,Food Retail,NYSE,11.64,62.50,B,6,Near lows,9.99,18.67,6.49,-41.80,21.89,3.58,"FCF yield 10.0% vs 10Y Treasury 4.3% and S&P ~4–5% | Returns 18.7%/yr to holders (dividend 5.5% + buyback 13.2%) | Fwd P/E 6.5 vs sector median 16.6 | 42% below 52w high, 7% above 52w low | 5-year return -63% — long capitulation | Analysts: 13 Hold / 7 Buy / 2 Sell, avg target +22% | Insiders bought $2.5M on the open market (last 90d, 3 buyer(s))",Leverage: net debt/EBITDA 3.6x (author's CMCSA trigger was 2.9x)
LVS,Las Vegas Sands Corp.,Consumer Services,Casinos/Gaming,NYSE,38.78,62.40,C,4,Still falling,10.73,8.73,12.50,-44.96,52.76,2.51,"FCF yield 10.7% vs 10Y Treasury 4.3% and S&P ~4–5% | Returns 8.7%/yr to holders (dividend 2.9% + buyback 5.8%) | Fwd P/E 12.5 vs sector median 17.1 | 45% below 52w high, 2% above 52w low | Analysts: 7 Hold / 14 Buy / 0 Sell, avg target +53%",Leverage: net debt/EBITDA 2.5x (author's CMCSA trigger was 2.9x) | Missed EPS last quarter (-22%)
ERIC,Telefonaktiebolaget LM Ericsson Sponsored ADR,Electronic Technology,Telecommunications Equipment,NASDAQ,9.42,62.40,B,6,Mid-range,10.26,2.19,16.68,-31.59,8.78,-0.37,"FCF yield 10.3% vs 10Y Treasury 4.3% and S&P ~4–5% | Fwd P/E 16.7 vs sector median 29.0 | 32% below 52w high, 16% above 52w low | Beat EPS by 5% yet stock moved -14.1% — capitulation signature",
MGY,Magnolia Oil & Gas Corp.,Energy Minerals,Oil & Gas Production,NYSE,23.71,62.40,C,4,Still falling,6.27,7.03,7.93,-27.63,39.63,0.11,"FCF yield 6.3% vs 10Y Treasury 4.3% and S&P ~4–5% | Returns 7.0%/yr to holders (dividend 2.7% + buyback 4.3%) | 28% below 52w high, 13% above 52w low | Analysts: 6 Hold / 13 Buy / 0 Sell, avg target +40% | Insiders bought $323.1K on the open market (last 90d, 2 buyer(s))",
FBIN,"Fortune Brands Innovations, Inc.",Producer Manufacturing,Building Products,NYSE,38.43,62.20,B,5,Still falling,8.73,5.59,11.49,-40.73,46.65,3.07,"FCF yield 8.7% vs 10Y Treasury 4.3% and S&P ~4–5% | Returns 5.6%/yr to holders (dividend 2.6% + buyback 3.0%) | Fwd P/E 11.5 vs sector median 19.6 | 41% below 52w high, 19% above 52w low | 5-year return -51% — long capitulation | Analysts: 11 Hold / 6 Buy / 0 Sell, avg target +47% | Insiders bought $2.0M on the open market (last 90d, 1 buyer(s))",Leverage: net debt/EBITDA 3.1x (author's CMCSA trigger was 2.9x) | Revenue shrinking -2.3% y/y — value-trap risk | High beta 1.68
AEO,"American Eagle Outfitters, Inc.",Retail Trade,Apparel/Footwear Retail,NYSE,17.31,62.20,A,7,Turning up,11.84,13.44,8.09,-39.18,6.09,2.35,"FCF yield 11.8% vs 10Y Treasury 4.3% and S&P ~4–5% | Returns 13.4%/yr to holders (dividend 3.0% + buyback 10.4%) | Fwd P/E 8.1 vs sector median 16.6 | 39% below 52w high, 23% above 52w low | 5-year return -37% — long capitulation | Beat EPS by 257% yet stock moved -15.6% — capitulation signature",High beta 1.55
PVH,PVH Corp.,Consumer Non-Durables,Apparel/Footwear,NYSE,75.73,62.20,B,5,Mid-range,20.46,14.17,6.26,-24.83,15.48,3.14,"FCF yield 20.5% vs 10Y Treasury 4.3% and S&P ~4–5% | Returns 14.2%/yr to holders (dividend 0.2% + buyback 14.0%) | Fwd P/E 6.3 vs sector median 14.7 | 25% below 52w high, 27% above 52w low | 5-year return -33% — long capitulation | Insiders bought $1.0M on the open market (last 90d, 1 buyer(s))",Leverage: net debt/EBITDA 3.1x (author's CMCSA trigger was 2.9x) | High beta 2.06
GIB,CGI Inc.,Technology Services,Information Technology Services,NYSE,67.71,62.20,B,5,Mid-range,12.58,4.43,10.68,-28.88,26.37,1.10,"FCF yield 12.6% vs 10Y Treasury 4.3% and S&P ~4–5% | Returns 4.4%/yr to holders (dividend 0.7% + buyback 3.7%) | Fwd P/E 10.7 vs sector median 19.5 | 29% below 52w high, 14% above 52w low | Analysts: 8 Hold / 6 Buy / 0 Sell, avg target +26%",
OSIS,"OSI Systems, Inc.",Electronic Technology,Aerospace & Defense,NASDAQ,193.04,62.10,C,4,Still falling,7.97,5.22,16.98,-38.07,44.16,2.52,"FCF yield 8.0% vs 10Y Treasury 4.3% and S&P ~4–5% | Returns 5.2%/yr to holders (dividend 0.0% + buyback 5.2%) | Fwd P/E 17.0 vs sector median 29.0 | 38% below 52w high, 4% above 52w low | Analysts: 1 Hold / 7 Buy / 0 Sell, avg target +44% | Beat EPS by 0% yet stock moved -6.4% — capitulation signature",Leverage: net debt/EBITDA 2.5x (author's CMCSA trigger was 2.9x)
OLED,Universal Display Corporation,Electronic Technology,Electronic Production Equipment,NASDAQ,75.47,62.10,C,3,Near lows,6.34,2.90,18.03,-50.80,51.05,-1.73,"FCF yield 6.3% vs 10Y Treasury 4.3% and S&P ~4–5% | Fwd P/E 18.0 vs sector median 29.0 | 51% below 52w high, 3% above 52w low | 5-year return -59% — long capitulation | Analysts: 3 Hold / 7 Buy / 0 Sell, avg target +51%",Revenue shrinking -8.3% y/y — value-trap risk
PINS,"Pinterest, Inc.",Technology Services,Internet Software/Services,NYSE,18.41,61.80,B,6,Mid-range,12.28,1.45,9.10,-48.02,58.87,-0.24,"FCF yield 12.3% vs 10Y Treasury 4.3% and S&P ~4–5% | Fwd P/E 9.1 vs sector median 19.5 | 48% below 52w high, 33% above 52w low | 5-year return -65% — long capitulation | Analysts: 21 Hold / 17 Buy / 0 Sell, avg target +59%",
PHIN,PHINIA Inc.,Producer Manufacturing,Auto Parts: OEM,NYSE,60.74,61.80,B,5,Still falling,11.23,10.79,10.18,-30.13,54.76,1.44,"FCF yield 11.2% vs 10Y Treasury 4.3% and S&P ~4–5% | Returns 10.8%/yr to holders (dividend 1.8% + buyback 9.0%) | Fwd P/E 10.2 vs sector median 19.6 | 30% below 52w high, 20% above 52w low | Analysts: 2 Hold / 4 Buy / 0 Sell, avg target +55%",Missed EPS last quarter (-3%)
EEFT,"Euronet Worldwide, Inc.",Commercial Services,Miscellaneous Commercial Services,NASDAQ,64.93,61.70,B,6,Near lows,10.10,10.06,6.05,-27.67,28.49,0.89,"FCF yield 10.1% vs 10Y Treasury 4.3% and S&P ~4–5% | Returns 10.1%/yr to holders (dividend 0.0% + buyback 10.1%) | Fwd P/E 6.1 vs sector median 14.8 | 28% below 52w high, 4% above 52w low | 5-year return -50% — long capitulation | Analysts: 3 Hold / 5 Buy / 2 Sell, avg target +28%",Missed EPS last quarter (-4%) | Short interest rising 25%
LDOS,"Leidos Holdings, Inc.",Technology Services,Packaged Software,NYSE,122.35,61.50,B,6,Mid-range,14.09,5.01,9.88,-40.54,28.92,2.41,"FCF yield 14.1% vs 10Y Treasury 4.3% and S&P ~4–5% | Returns 5.0%/yr to holders (dividend 1.4% + buyback 3.6%) | Fwd P/E 9.9 vs sector median 19.5 | 41% below 52w high, 24% above 52w low | Analysts: 13 Hold / 7 Buy / 0 Sell, avg target +29%",
G,Genpact Limited,Commercial Services,Miscellaneous Commercial Services,NYSE,32.60,61.40,B,6,Still falling,10.44,4.63,7.91,-32.98,29.39,0.96,"FCF yield 10.4% vs 10Y Treasury 4.3% and S&P ~4–5% | Returns 4.6%/yr to holders (dividend 2.2% + buyback 2.5%) | Fwd P/E 7.9 vs sector median 14.8 | 33% below 52w high, 21% above 52w low | 5-year return -33% — long capitulation | Analysts: 9 Hold / 5 Buy / 0 Sell, avg target +29%",
FISV,"Fiserv, Inc.",Commercial Services,Miscellaneous Commercial Services,NASDAQ,46.02,61.00,B,5,Still falling,16.19,5.32,6.35,-64.71,25.11,3.56,"FCF yield 16.2% vs 10Y Treasury 4.3% and S&P ~4–5% | Returns 5.3%/yr to holders (dividend 0.0% + buyback 5.3%) | Fwd P/E 6.3 vs sector median 14.8 | 65% below 52w high, 3% above 52w low | 5-year return -58% — long capitulation | Analysts: 27 Hold / 6 Buy / 3 Sell, avg target +25% | Insiders bought $519.5K on the open market (last 90d, 1 buyer(s))",Leverage: net debt/EBITDA 3.6x (author's CMCSA trigger was 2.9x) | Revenue shrinking -1.2% y/y — value-trap risk | Missed EPS last quarter (-4%) | Short interest rising 43%
ETOR,eToro Group Ltd.,Technology Services,Packaged Software,NASDAQ,25.82,60.70,C,4,Still falling,13.38,0.00,10.33,-41.60,84.35,-3.65,"FCF yield 13.4% vs 10Y Treasury 4.3% and S&P ~4–5% | Fwd P/E 10.3 vs sector median 19.5 | 42% below 52w high, 4% above 52w low | 5-year return -63% — long capitulation | Analysts: 5 Hold / 10 Buy / 0 Sell, avg target +84%",High beta 1.69 | Missed EPS last quarter (-5%)
YETI,"YETI Holdings, Inc.",Producer Manufacturing,Miscellaneous Manufacturing,NYSE,43.33,60.70,A,7,Mid-range,8.08,9.58,14.54,-19.74,26.78,0.66,"FCF yield 8.1% vs 10Y Treasury 4.3% and S&P ~4–5% | Returns 9.6%/yr to holders (dividend 0.0% + buyback 9.6%) | Fwd P/E 14.5 vs sector median 19.6 | 5-year return -53% — long capitulation | Analysts: 6 Hold / 10 Buy / 0 Sell, avg target +27% | Beat EPS by 24% yet stock moved -12.4% — capitulation signature",
FSLR,"First Solar, Inc.",Electronic Technology,Semiconductors,NASDAQ,172.97,60.50,B,5,Still falling,8.07,0.00,9.86,-46.11,62.48,-0.62,"FCF yield 8.1% vs 10Y Treasury 4.3% and S&P ~4–5% | Fwd P/E 9.9 vs sector median 29.0 | 46% below 52w high, 1% above 52w low | Analysts: 10 Hold / 23 Buy / 0 Sell, avg target +62%",
PLNT,"Planet Fitness, Inc.",Consumer Services,Other Consumer Services,NYSE,40.50,60.40,B,5,Still falling,8.55,4.60,12.46,-64.55,63.72,4.27,"FCF yield 8.6% vs 10Y Treasury 4.3% and S&P ~4–5% | Returns 4.6%/yr to holders (dividend 0.0% + buyback 4.6%) | Fwd P/E 12.5 vs sector median 17.1 | 65% below 52w high, 9% above 52w low | 5-year return -49% — long capitulation | Analysts: 6 Hold / 12 Buy / 0 Sell, avg target +64% | Insiders bought $612.1K on the open market (last 90d, 2 buyer(s))",Leverage: net debt/EBITDA 4.3x (author's CMCSA trigger was 2.9x)
STNE,StoneCo Ltd.,Commercial Services,Miscellaneous Commercial Services,NASDAQ,9.27,60.30,C,4,Near lows,36.10,13.54,4.65,-53.53,56.19,,"FCF yield 36.1% vs 10Y Treasury 4.3% and S&P ~4–5% | Returns 13.5%/yr to holders (dividend 0.0% + buyback 13.5%) | Fwd P/E 4.7 vs sector median 14.8 | 54% below 52w high, 3% above 52w low | 5-year return -75% — long capitulation | Analysts: 6 Hold / 9 Buy / 1 Sell, avg target +56%",Revenue shrinking -29.5% y/y — value-trap risk | High beta 1.51 | FCF yield looks too high — check for one-offs (the author's 'P/E illusion' warning) | Missed EPS last quarter (-1%)
GFI,Gold Fields Limited Sponsored ADR,Non-Energy Minerals,Precious Metals,NYSE,35.18,60.10,B,5,Still falling,12.65,3.04,7.32,-42.93,44.47,0.06,"FCF yield 12.7% vs 10Y Treasury 4.3% and S&P ~4–5% | Fwd P/E 7.3 vs sector median 13.9 | 43% below 52w high, 13% above 52w low | Analysts: 6 Hold / 7 Buy / 1 Sell, avg target +44%",High beta 2.02 | Missed EPS last quarter (-11%)
STUB,StubHub Holdings Incorporation,Technology Services,Internet Software/Services,NYSE,5.30,60.10,C,3,Still falling,31.31,6.34,16.49,-75.34,111.84,,"FCF yield 31.3% vs 10Y Treasury 4.3% and S&P ~4–5% | Returns 6.3%/yr to holders (dividend 0.0% + buyback 6.3%) | 75% below 52w high, 1% above 52w low | 5-year return -79% — long capitulation | Analysts: 4 Hold / 8 Buy / 0 Sell, avg target +112%",High beta 1.92 | FCF yield looks too high — check for one-offs (the author's 'P/E illusion' warning) | Missed EPS last quarter (-64%)
PNR,Pentair plc,Producer Manufacturing,Industrial Machinery,NYSE,53.03,59.90,C,4,Still falling,7.95,2.95,11.40,-53.46,43.90,1.68,"FCF yield 7.9% vs 10Y Treasury 4.3% and S&P ~4–5% | Fwd P/E 11.4 vs sector median 19.6 | 53% below 52w high, 1% above 52w low | 5-year return -31% — long capitulation | Analysts: 6 Hold / 7 Buy / 2 Sell, avg target +44%",Revenue shrinking -2.1% y/y — value-trap risk
DBD,Diebold Nixdorf Inc,Electronic Technology,Electronic Equipment/Instruments,NYSE,60.89,59.90,C,4,Still falling,11.52,5.83,11.33,-33.88,61.49,1.75,"FCF yield 11.5% vs 10Y Treasury 4.3% and S&P ~4–5% | Returns 5.8%/yr to holders (dividend 0.0% + buyback 5.8%) | Fwd P/E 11.3 vs sector median 29.0 | 34% below 52w high, 12% above 52w low | Analysts: 0 Hold / 3 Buy / 0 Sell, avg target +61%",Missed EPS last quarter (-0%)
SBLK,Star Bulk Carriers Corp.,Transportation,Marine Shipping,NASDAQ,29.30,59.90,B,6,Mid-range,8.83,9.94,6.39,-10.89,21.33,0.95,"FCF yield 8.8% vs 10Y Treasury 4.3% and S&P ~4–5% | Returns 9.9%/yr to holders (dividend 6.4% + buyback 3.6%) | Fwd P/E 6.4 vs sector median 14.8 | Analysts: 1 Hold / 7 Buy / 0 Sell, avg target +21% | Insiders bought $4.8M on the open market (last 90d, 7 buyer(s))",Short interest rising 32%
AOS,A. O. Smith Corporation,Producer Manufacturing,Building Products,NYSE,58.38,59.90,B,5,Near lows,8.06,7.32,15.64,-28.69,19.39,0.63,"FCF yield 8.1% vs 10Y Treasury 4.3% and S&P ~4–5% | Returns 7.3%/yr to holders (dividend 2.5% + buyback 4.9%) | Fwd P/E 15.6 vs sector median 19.6 | 29% below 52w high, 8% above 52w low",
CHKP,Check Point Software Technologies Ltd.,Technology Services,Internet Software/Services,NASDAQ,129.27,59.80,B,6,Mid-range,8.99,2.56,12.38,-38.64,10.79,-0.34,"FCF yield 9.0% vs 10Y Treasury 4.3% and S&P ~4–5% | Fwd P/E 12.4 vs sector median 19.5 | 39% below 52w high, 15% above 52w low | Beat EPS by 4% yet stock moved -9.0% — capitulation signature",Short interest rising 32%
AMTM,"Amentum Holdings, Inc.",Electronic Technology,Aerospace & Defense,NYSE,18.49,59.80,B,6,Still falling,10.48,0.00,7.54,-51.48,59.55,3.38,"FCF yield 10.5% vs 10Y Treasury 4.3% and S&P ~4–5% | Fwd P/E 7.5 vs sector median 29.0 | 51% below 52w high, 0% above 52w low | 5-year return -42% — long capitulation | Analysts: 6 Hold / 4 Buy / 1 Sell, avg target +60% | Beat EPS by 10% yet stock moved -9.4% — capitulation signature",Leverage: net debt/EBITDA 3.4x (author's CMCSA trigger was 2.9x)
YUMC,"Yum China Holdings, Inc.",Consumer Services,Restaurants,NYSE,41.10,59.70,C,4,Near lows,6.79,9.09,13.90,-29.61,47.29,0.45,"FCF yield 6.8% vs 10Y Treasury 4.3% and S&P ~4–5% | Returns 9.1%/yr to holders (dividend 2.7% + buyback 6.3%) | EV/EBITDA 7.7 vs sector median 12.7 | 30% below 52w high, 2% above 52w low | Analysts: 2 Hold / 21 Buy / 0 Sell, avg target +47%",
TAP.A,Molson Coors Beverage Company,Consumer Non-Durables,Beverages: Alcoholic,NYSE,39.52,59.50,C,2,Near lows,19.55,4.83,8.39,-29.33,12.60,2.79,"FCF yield 19.5% vs 10Y Treasury 4.3% and S&P ~4–5% | Returns 4.8%/yr to holders (dividend 4.8% + buyback 0.0%) | Fwd P/E 8.4 vs sector median 14.7 | 29% below 52w high, 0% above 52w low",Leverage: net debt/EBITDA 2.8x (author's CMCSA trigger was 2.9x) | Revenue shrinking -1.8% y/y — value-trap risk
KGC,Kinross Gold Corporation,Non-Energy Minerals,Precious Metals,NYSE,24.11,59.50,B,5,Still falling,10.54,2.99,9.44,-38.35,51.18,-0.37,"FCF yield 10.5% vs 10Y Treasury 4.3% and S&P ~4–5% | Fwd P/E 9.4 vs sector median 13.9 | 38% below 52w high, 10% above 52w low | Analysts: 2 Hold / 18 Buy / 1 Sell, avg target +51%",High beta 1.83
CX,Cemex SAB de CV Sponsored ADR,Non-Energy Minerals,Construction Materials,NYSE,9.53,59.40,B,5,Still falling,12.26,1.01,11.31,-30.29,57.68,1.82,"FCF yield 12.3% vs 10Y Treasury 4.3% and S&P ~4–5% | EV/EBITDA 6.2 vs sector median 9.1 | 30% below 52w high, 9% above 52w low | Analysts: 4 Hold / 13 Buy / 0 Sell, avg target +58% | Insiders bought $6.9M on the open market (last 90d, 1 buyer(s))",Missed EPS last quarter (-16%)
COLM,Columbia Sportswear Company,Consumer Non-Durables,Apparel/Footwear,NASDAQ,58.69,59.40,B,5,Turning up,10.69,6.97,12.88,-15.02,18.99,-0.52,FCF yield 10.7% vs 10Y Treasury 4.3% and S&P ~4–5% | Returns 7.0%/yr to holders (dividend 2.1% + buyback 4.9%) | 5-year return -42% — long capitulation | Beat EPS by 233% yet stock moved -6.6% — capitulation signature,Revenue shrinking -0.2% y/y — value-trap risk | Short interest rising 28%
COO,"Cooper Companies, Inc.",Health Technology,Medical Specialties,NASDAQ,56.57,59.30,B,5,Near lows,6.30,1.85,12.45,-37.03,16.40,1.99,"FCF yield 6.3% vs 10Y Treasury 4.3% and S&P ~4–5% | Fwd P/E 12.5 vs sector median 20.0 | 37% below 52w high, 11% above 52w low | 5-year return -47% — long capitulation | Insiders bought $1.9M on the open market (last 90d, 3 buyer(s))",
GDDY,"GoDaddy, Inc.",Technology Services,Data Processing Services,NYSE,93.71,59.30,B,6,Mid-range,14.35,4.58,12.66,-33.69,13.33,1.95,"FCF yield 14.3% vs 10Y Treasury 4.3% and S&P ~4–5% | Returns 4.6%/yr to holders (dividend 0.0% + buyback 4.6%) | Fwd P/E 12.7 vs sector median 19.5 | 34% below 52w high, 31% above 52w low | Beat EPS by 8% yet stock moved -21.3% — capitulation signature",Short interest rising 51%
ALGN,"Align Technology, Inc.",Health Technology,Medical Specialties,NASDAQ,145.00,59.30,B,5,Mid-range,6.15,3.36,12.84,-27.66,42.92,-1.04,"FCF yield 6.2% vs 10Y Treasury 4.3% and S&P ~4–5% | Fwd P/E 12.8 vs sector median 20.0 | 28% below 52w high, 18% above 52w low | 5-year return -79% — long capitulation | Analysts: 7 Hold / 7 Buy / 0 Sell, avg target +43%",
IT,"Gartner, Inc.",Technology Services,Internet Software/Services,NYSE,185.73,59.20,B,6,Mid-range,10.98,8.44,12.84,-29.91,1.27,1.26,"FCF yield 11.0% vs 10Y Treasury 4.3% and S&P ~4–5% | Returns 8.4%/yr to holders (dividend 0.0% + buyback 8.4%) | Fwd P/E 12.8 vs sector median 19.5 | 30% below 52w high, 49% above 52w low | 5-year return -41% — long capitulation",
MAT,"Mattel, Inc.",Consumer Durables,Recreational Products,NASDAQ,13.34,59.10,C,4,Near lows,11.40,8.67,10.21,-40.66,33.06,3.41,"FCF yield 11.4% vs 10Y Treasury 4.3% and S&P ~4–5% | Returns 8.7%/yr to holders (dividend 0.0% + buyback 8.7%) | Fwd P/E 10.2 vs sector median 16.5 | 41% below 52w high, 5% above 52w low | 5-year return -31% — long capitulation | Analysts: 5 Hold / 11 Buy / 2 Sell, avg target +33%",Leverage: net debt/EBITDA 3.4x (author's CMCSA trigger was 2.9x) | Missed EPS last quarter (-75%)
TXT,Textron Inc.,Electronic Technology,Aerospace & Defense,NYSE,77.37,58.90,B,5,Near lows,5.70,4.83,11.96,-23.83,31.28,1.83,"Returns 4.8%/yr to holders (dividend 0.1% + buyback 4.7%) | Fwd P/E 12.0 vs sector median 29.0 | 24% below 52w high, 2% above 52w low | Analysts: 10 Hold / 6 Buy / 0 Sell, avg target +31% | Beat EPS by 5% yet stock moved -10.9% — capitulation signature",
KHC,Kraft Heinz Company,Consumer Non-Durables,Food: Major Diversified,NYSE,23.56,58.90,C,3,Mid-range,13.66,7.69,11.50,-16.13,3.28,3.07,FCF yield 13.7% vs 10Y Treasury 4.3% and S&P ~4–5% | Returns 7.7%/yr to holders (dividend 6.8% + buyback 0.9%) | Fwd P/E 11.5 vs sector median 14.7 | 5-year return -36% — long capitulation | Beat EPS by 4% yet stock moved -6.3% — capitulation signature,Leverage: net debt/EBITDA 3.1x (author's CMCSA trigger was 2.9x) | Revenue shrinking -1.6% y/y — value-trap risk
SIG,Signet Jewelers Limited,Retail Trade,Specialty Stores,NYSE,103.30,58.90,B,5,Mid-range,13.93,7.79,8.81,-6.26,24.13,1.07,"FCF yield 13.9% vs 10Y Treasury 4.3% and S&P ~4–5% | Returns 7.8%/yr to holders (dividend 1.3% + buyback 6.5%) | Fwd P/E 8.8 vs sector median 16.6 | Analysts: 7 Hold / 4 Buy / 0 Sell, avg target +24%",
EXE,Expand Energy Corporation,Energy Minerals,Integrated Oil,NASDAQ,85.31,58.80,B,5,Still falling,12.54,2.65,9.92,-32.63,47.36,0.42,"FCF yield 12.5% vs 10Y Treasury 4.3% and S&P ~4–5% | EV/EBITDA 3.9 vs sector median 6.0 | 33% below 52w high, 0% above 52w low | Analysts: 5 Hold / 23 Buy / 0 Sell, avg target +47%",
ASO,"Academy Sports and Outdoors, Inc.",Retail Trade,Specialty Stores,NASDAQ,48.61,58.70,B,5,Turning up,11.07,6.10,7.25,-22.16,22.71,2.34,"FCF yield 11.1% vs 10Y Treasury 4.3% and S&P ~4–5% | Returns 6.1%/yr to holders (dividend 1.1% + buyback 5.0%) | Fwd P/E 7.2 vs sector median 16.6 | 22% below 52w high, 18% above 52w low | Analysts: 13 Hold / 8 Buy / 0 Sell, avg target +23%",
CALM,"Cal-Maine Foods, Inc.",Process Industries,Agricultural Commodities/Milling,NASDAQ,67.36,58.50,B,6,Still falling,10.50,10.26,,-30.27,25.31,-1.99,"FCF yield 10.5% vs 10Y Treasury 4.3% and S&P ~4–5% | Returns 10.3%/yr to holders (dividend 7.1% + buyback 3.1%) | EV/EBITDA 4.8 vs sector median 9.7 | 30% below 52w high, 1% above 52w low | Analysts: 4 Hold / 0 Buy / 0 Sell, avg target +25%",Revenue shrinking -31.7% y/y — value-trap risk | Missed EPS last quarter (-1021%)
MGM,MGM Resorts International,Consumer Services,Casinos/Gaming,NYSE,31.86,58.40,B,5,Still falling,21.78,12.25,17.31,-38.24,55.83,12.34,"FCF yield 21.8% vs 10Y Treasury 4.3% and S&P ~4–5% | Returns 12.2%/yr to holders (dividend 0.0% + buyback 12.2%) | 38% below 52w high, 9% above 52w low | Analysts: 13 Hold / 10 Buy / 2 Sell, avg target +56%",Leverage: net debt/EBITDA 12.3x (author's CMCSA trigger was 2.9x)
MZTI,Marzetti Company,Consumer Non-Durables,Food: Specialty/Candy,NASDAQ,101.10,58.40,C,4,Near lows,7.47,4.81,15.01,-42.64,45.00,0.78,"FCF yield 7.5% vs 10Y Treasury 4.3% and S&P ~4–5% | Returns 4.8%/yr to holders (dividend 3.9% + buyback 0.9%) | 43% below 52w high, 3% above 52w low | 5-year return -41% — long capitulation | Analysts: 3 Hold / 3 Buy / 0 Sell, avg target +45%",
ENS,EnerSys,Producer Manufacturing,Electrical Products,NYSE,177.98,58.30,B,5,Mid-range,11.18,7.55,13.31,-27.15,48.33,0.76,"FCF yield 11.2% vs 10Y Treasury 4.3% and S&P ~4–5% | Returns 7.6%/yr to holders (dividend 0.6% + buyback 7.0%) | Fwd P/E 13.3 vs sector median 19.6 | 27% below 52w high, 63% above 52w low | Analysts: 2 Hold / 6 Buy / 0 Sell, avg target +48%",Short interest rising 44%
STZ,"Constellation Brands, Inc.",Consumer Non-Durables,Beverages: Alcoholic,NYSE,112.92,57.90,C,4,Still falling,9.51,6.65,9.63,-33.02,44.27,3.31,"FCF yield 9.5% vs 10Y Treasury 4.3% and S&P ~4–5% | Returns 6.7%/yr to holders (dividend 3.6% + buyback 3.0%) | Fwd P/E 9.6 vs sector median 14.7 | 33% below 52w high, 1% above 52w low | 5-year return -47% — long capitulation | Analysts: 8 Hold / 12 Buy / 1 Sell, avg target +44%",Leverage: net debt/EBITDA 3.3x (author's CMCSA trigger was 2.9x) | Revenue shrinking -10.0% y/y — value-trap risk
OGC,OceanaGold Corporation,Non-Energy Minerals,Precious Metals,NYSE,26.93,57.70,C,4,Mid-range,11.78,4.86,6.71,-37.85,55.98,-0.44,"FCF yield 11.8% vs 10Y Treasury 4.3% and S&P ~4–5% | Returns 4.9%/yr to holders (dividend 1.0% + buyback 3.8%) | Fwd P/E 6.7 vs sector median 13.9 | 38% below 52w high, 33% above 52w low | Analysts: 1 Hold / 9 Buy / 0 Sell, avg target +56%",High beta 1.73 | Missed EPS last quarter (-0%) | Short interest rising 42%
TSN,"Tyson Foods, Inc.",Consumer Non-Durables,Food: Meat/Fish/Dairy,NYSE,50.95,57.60,C,3,Near lows,6.61,4.97,14.18,-26.67,26.10,2.62,"FCF yield 6.6% vs 10Y Treasury 4.3% and S&P ~4–5% | Returns 5.0%/yr to holders (dividend 4.0% + buyback 1.0%) | 27% below 52w high, 1% above 52w low | 5-year return -34% — long capitulation | Analysts: 8 Hold / 4 Buy / 1 Sell, avg target +26% | Insiders bought $1.0M on the open market (last 90d, 1 buyer(s))",Leverage: net debt/EBITDA 2.6x (author's CMCSA trigger was 2.9x)
GSK,GSK plc Sponsored ADR,Health Technology,Pharmaceuticals: Major,NYSE,49.70,57.60,C,4,Mid-range,8.88,5.30,10.35,-19.44,18.04,1.42,FCF yield 8.9% vs 10Y Treasury 4.3% and S&P ~4–5% | Returns 5.3%/yr to holders (dividend 3.6% + buyback 1.7%) | Fwd P/E 10.3 vs sector median 20.0,
NXST,"Nexstar Media Group, Inc.",Consumer Services,Broadcasting,NASDAQ,161.78,57.50,C,3,Near lows,14.91,5.55,5.26,-36.38,56.21,6.32,"FCF yield 14.9% vs 10Y Treasury 4.3% and S&P ~4–5% | Returns 5.5%/yr to holders (dividend 4.6% + buyback 1.0%) | Fwd P/E 5.3 vs sector median 17.1 | 36% below 52w high, 5% above 52w low | Analysts: 1 Hold / 8 Buy / 0 Sell, avg target +56%",Leverage: net debt/EBITDA 6.3x (author's CMCSA trigger was 2.9x) | Missed EPS last quarter (-36%)
M,"Macy's, Inc.",Retail Trade,Department Stores,NYSE,23.01,57.50,B,5,Mid-range,23.53,8.59,9.91,-13.45,0.39,2.05,FCF yield 23.5% vs 10Y Treasury 4.3% and S&P ~4–5% | Returns 8.6%/yr to holders (dividend 3.3% + buyback 5.3%) | Fwd P/E 9.9 vs sector median 16.6,
NTES,Netease Inc Sponsored ADR,Technology Services,Packaged Software,NASDAQ,121.04,57.40,C,3,Mid-range,9.85,2.61,13.21,-22.63,34.08,-3.97,"FCF yield 9.8% vs 10Y Treasury 4.3% and S&P ~4–5% | Fwd P/E 13.2 vs sector median 19.5 | 23% below 52w high, 14% above 52w low | Analysts: 2 Hold / 32 Buy / 0 Sell, avg target +34%",Missed EPS last quarter (-23%)
AUPH,Aurinia Pharmaceuticals Inc.,Health Technology,Biotechnology,NASDAQ,16.52,57.20,C,4,Mid-range,7.92,6.08,17.50,-14.18,8.96,-2.37,FCF yield 7.9% vs 10Y Treasury 4.3% and S&P ~4–5% | Returns 6.1%/yr to holders (dividend 0.0% + buyback 6.1%) | EV/EBITDA 11.4 vs sector median 16.7,
ZIM,ZIM Integrated Shipping Services Ltd.,Transportation,Marine Shipping,NYSE,28.39,56.80,B,5,Mid-range,33.79,6.82,6.08,-8.30,2.99,2.22,FCF yield 33.8% vs 10Y Treasury 4.3% and S&P ~4–5% | Returns 6.8%/yr to holders (dividend 6.8% + buyback 0.0%) | Fwd P/E 6.1 vs sector median 14.8 | 5-year return -48% — long capitulation,Revenue shrinking -24.9% y/y — value-trap risk | FCF yield looks too high — check for one-offs (the author's 'P/E illusion' warning)
SRAD,Sportradar Group AG,Technology Services,Packaged Software,NASDAQ,12.48,56.80,C,4,Near lows,12.80,0.00,47.92,-56.33,47.35,-0.33,"FCF yield 12.8% vs 10Y Treasury 4.3% and S&P ~4–5% | EV/EBITDA 5.6 vs sector median 18.2 | 56% below 52w high, 8% above 52w low | 5-year return -50% — long capitulation | Analysts: 7 Hold / 17 Buy / 0 Sell, avg target +47%",Missed EPS last quarter (-116%)
BAH,Booz Allen Hamilton Holding Corporation,Commercial Services,Miscellaneous Commercial Services,NYSE,70.25,56.80,C,4,Mid-range,13.21,6.81,11.05,-35.61,21.32,2.90,"FCF yield 13.2% vs 10Y Treasury 4.3% and S&P ~4–5% | Returns 6.8%/yr to holders (dividend 3.2% + buyback 3.6%) | Fwd P/E 11.0 vs sector median 14.8 | 36% below 52w high, 18% above 52w low | Analysts: 10 Hold / 3 Buy / 2 Sell, avg target +21%",Leverage: net debt/EBITDA 2.9x (author's CMCSA trigger was 2.9x) | Revenue shrinking -7.3% y/y — value-trap risk
PHI,"PLDT, Inc. Sponsored ADR",Communications,Specialty Telecommunications,NYSE,17.11,56.50,C,4,Near lows,14.48,6.29,7.17,-30.19,41.22,3.02,"FCF yield 14.5% vs 10Y Treasury 4.3% and S&P ~4–5% | Returns 6.3%/yr to holders (dividend 6.3% + buyback 0.0%) | Fwd P/E 7.2 vs sector median 10.6 | 30% below 52w high, 1% above 52w low | 5-year return -48% — long capitulation | Analysts: 2 Hold / 6 Buy / 1 Sell, avg target +41%",Leverage: net debt/EBITDA 3.0x (author's CMCSA trigger was 2.9x) | Revenue shrinking -1.7% y/y — value-trap risk | Missed EPS last quarter (-13%) | Short interest rising 31%
MIDD,Middleby Corporation,Producer Manufacturing,Industrial Machinery,NASDAQ,106.68,56.50,C,3,Mid-range,10.27,8.88,15.48,-28.18,46.13,2.57,"FCF yield 10.3% vs 10Y Treasury 4.3% and S&P ~4–5% | Returns 8.9%/yr to holders (dividend 0.0% + buyback 8.9%) | Fwd P/E 15.5 vs sector median 19.6 | 28% below 52w high, 20% above 52w low | Analysts: 2 Hold / 8 Buy / 0 Sell, avg target +46%",Leverage: net debt/EBITDA 2.6x (author's CMCSA trigger was 2.9x) | Revenue shrinking -7.2% y/y — value-trap risk | Missed EPS last quarter (-17%)
FCN,"FTI Consulting, Inc.",Commercial Services,Miscellaneous Commercial Services,NYSE,132.28,56.40,C,4,Still falling,9.82,14.06,14.22,-30.12,32.67,2.56,"FCF yield 9.8% vs 10Y Treasury 4.3% and S&P ~4–5% | Returns 14.1%/yr to holders (dividend 0.0% + buyback 14.1%) | 30% below 52w high, 2% above 52w low | Analysts: 4 Hold / 1 Buy / 0 Sell, avg target +33%",Leverage: net debt/EBITDA 2.6x (author's CMCSA trigger was 2.9x) | Missed EPS last quarter (-1%) | Short interest rising 27%
ABEV,Ambev SA Sponsored ADR,Consumer Non-Durables,Beverages: Alcoholic,NYSE,2.87,56.10,B,5,Mid-range,9.74,6.25,14.15,-16.81,12.42,-0.58,FCF yield 9.7% vs 10Y Treasury 4.3% and S&P ~4–5% | Returns 6.3%/yr to holders (dividend 5.5% + buyback 0.7%) | EV/EBITDA 8.3 vs sector median 11.2,
WIX,Wix.com Ltd.,Technology Services,Packaged Software,NASDAQ,69.60,56.10,B,5,Mid-range,15.39,1.99,14.54,-61.54,15.40,,"FCF yield 15.4% vs 10Y Treasury 4.3% and S&P ~4–5% | Fwd P/E 14.5 vs sector median 19.5 | 62% below 52w high, 73% above 52w low | 5-year return -66% — long capitulation | Insiders bought $137.2K on the open market (last 90d, 4 buyer(s))",
GMED,Globus Medical Inc,Health Technology,Medical Specialties,NYSE,74.78,56.10,C,3,Mid-range,7.53,2.06,14.95,-26.25,38.05,-0.50,"FCF yield 7.5% vs 10Y Treasury 4.3% and S&P ~4–5% | Fwd P/E 15.0 vs sector median 20.0 | 26% below 52w high, 34% above 52w low | Analysts: 6 Hold / 10 Buy / 0 Sell, avg target +38%",
PBR.A,Petroleo Brasileiro SA Sponsored ADR Pfd,Energy Minerals,Integrated Oil,NYSE,18.65,56.00,B,5,Mid-range,14.61,6.37,4.02,-6.98,20.70,1.16,"FCF yield 14.6% vs 10Y Treasury 4.3% and S&P ~4–5% | Returns 6.4%/yr to holders (dividend 6.4% + buyback 0.0%) | Fwd P/E 4.0 vs sector median 9.0 | Analysts: 1 Hold / 7 Buy / 0 Sell, avg target +21%",
CAG,"Conagra Brands, Inc.",Consumer Non-Durables,Food: Major Diversified,NYSE,14.16,55.90,B,5,Still falling,14.44,8.55,9.81,-30.30,-2.39,4.29,"FCF yield 14.4% vs 10Y Treasury 4.3% and S&P ~4–5% | Returns 8.6%/yr to holders (dividend 8.6% + buyback 0.0%) | Fwd P/E 9.8 vs sector median 14.7 | 30% below 52w high, 13% above 52w low | 5-year return -58% — long capitulation | Insiders bought $510.6K on the open market (last 90d, 1 buyer(s))",Leverage: net debt/EBITDA 4.3x (author's CMCSA trigger was 2.9x) | Revenue shrinking -2.9% y/y — value-trap risk
LHX,L3Harris Technologies Inc,Electronic Technology,Aerospace & Defense,NYSE,237.70,55.70,C,4,Still falling,6.34,3.62,19.84,-37.32,43.35,2.80,"FCF yield 6.3% vs 10Y Treasury 4.3% and S&P ~4–5% | Fwd P/E 19.8 vs sector median 29.0 | 37% below 52w high, 1% above 52w low | Analysts: 9 Hold / 9 Buy / 0 Sell, avg target +43%",Leverage: net debt/EBITDA 2.8x (author's CMCSA trigger was 2.9x)
GRFS,"Grifols, S.A. Sponsored ADR",Health Technology,Pharmaceuticals: Major,NASDAQ,7.41,55.70,C,4,Near lows,14.51,1.17,7.62,-27.57,74.49,4.77,"FCF yield 14.5% vs 10Y Treasury 4.3% and S&P ~4–5% | Fwd P/E 7.6 vs sector median 20.0 | 28% below 52w high, 6% above 52w low | 5-year return -53% — long capitulation | Analysts: 2 Hold / 1 Buy / 0 Sell, avg target +74%",Leverage: net debt/EBITDA 4.8x (author's CMCSA trigger was 2.9x)
PBI,Pitney Bowes Inc.,Technology Services,Packaged Software,NYSE,16.38,55.70,C,3,Mid-range,18.39,17.32,9.78,-14.11,19.41,3.41,FCF yield 18.4% vs 10Y Treasury 4.3% and S&P ~4–5% | Returns 17.3%/yr to holders (dividend 2.3% + buyback 15.0%) | Fwd P/E 9.8 vs sector median 19.5,Leverage: net debt/EBITDA 3.4x (author's CMCSA trigger was 2.9x) | Revenue shrinking -5.3% y/y — value-trap risk
YOU,"Clear Secure, Inc.",Technology Services,Packaged Software,NYSE,40.36,55.70,C,4,Mid-range,9.31,1.39,22.05,-41.57,47.84,-2.97,"FCF yield 9.3% vs 10Y Treasury 4.3% and S&P ~4–5% | 42% below 52w high, 37% above 52w low | Analysts: 1 Hold / 5 Buy / 1 Sell, avg target +48%",
ST,Sensata Technologies Holding PLC,Electronic Technology,Electronic Equipment/Instruments,NYSE,41.74,55.70,C,4,Mid-range,9.65,3.61,11.08,-22.55,29.64,2.63,"FCF yield 9.6% vs 10Y Treasury 4.3% and S&P ~4–5% | Fwd P/E 11.1 vs sector median 29.0 | 23% below 52w high, 48% above 52w low | Analysts: 8 Hold / 5 Buy / 0 Sell, avg target +30%",Leverage: net debt/EBITDA 2.6x (author's CMCSA trigger was 2.9x)
CCL,Carnival Corporation Ltd.,Consumer Services,Hotels/Resorts/Cruise lines,NYSE,22.14,55.70,C,4,Near lows,10.46,2.02,10.00,-34.94,50.89,3.27,"FCF yield 10.5% vs 10Y Treasury 4.3% and S&P ~4–5% | Fwd P/E 10.0 vs sector median 17.1 | 35% below 52w high, 3% above 52w low | Analysts: 6 Hold / 22 Buy / 0 Sell, avg target +51%",Leverage: net debt/EBITDA 3.3x (author's CMCSA trigger was 2.9x)
CNX,CNX Resources Corporation,Energy Minerals,Oil & Gas Production,NYSE,31.70,55.70,C,3,Still falling,11.22,4.22,10.15,-27.33,22.50,1.64,"FCF yield 11.2% vs 10Y Treasury 4.3% and S&P ~4–5% | Returns 4.2%/yr to holders (dividend 0.0% + buyback 4.2%) | 27% below 52w high, 1% above 52w low | Analysts: 9 Hold / 2 Buy / 3 Sell, avg target +23%",
SQM,Sociedad Quimica y Minera de Chile S.A. Sponsored ADR Pfd Series B,Process Industries,Chemicals: Specialty,NYSE,65.16,55.60,B,5,Still falling,10.60,0.99,8.81,-33.51,34.10,0.31,"FCF yield 10.6% vs 10Y Treasury 4.3% and S&P ~4–5% | Fwd P/E 8.8 vs sector median 14.9 | 34% below 52w high, 61% above 52w low | Analysts: 6 Hold / 7 Buy / 0 Sell, avg target +34%",
VNT,Vontier Corp,Transportation,Other Transportation,NYSE,30.96,55.50,B,5,Mid-range,9.19,5.07,8.86,-35.77,29.92,2.36,"FCF yield 9.2% vs 10Y Treasury 4.3% and S&P ~4–5% | Returns 5.1%/yr to holders (dividend 0.3% + buyback 4.8%) | Fwd P/E 8.9 vs sector median 14.8 | 36% below 52w high, 14% above 52w low | Analysts: 4 Hold / 7 Buy / 0 Sell, avg target +30%",
CRGY,Crescent Energy Company,Energy Minerals,Integrated Oil,NYSE,12.98,55.40,C,4,Mid-range,19.44,3.65,5.32,-16.10,35.25,2.07,"FCF yield 19.4% vs 10Y Treasury 4.3% and S&P ~4–5% | Fwd P/E 5.3 vs sector median 9.0 | Analysts: 3 Hold / 14 Buy / 1 Sell, avg target +35%",
STNG,Scorpio Tankers Inc.,Transportation,Marine Shipping,NYSE,83.19,55.40,C,4,Mid-range,15.78,2.17,7.21,-7.63,18.42,-1.51,FCF yield 15.8% vs 10Y Treasury 4.3% and S&P ~4–5% | Fwd P/E 7.2 vs sector median 14.8,
KTB,"Kontoor Brands, Inc.",Consumer Non-Durables,Apparel/Footwear,NYSE,64.93,55.40,C,2,Still falling,11.93,3.36,12.28,-27.01,50.16,2.67,"FCF yield 11.9% vs 10Y Treasury 4.3% and S&P ~4–5% | 27% below 52w high, 16% above 52w low | Analysts: 2 Hold / 6 Buy / 1 Sell, avg target +50%",Leverage: net debt/EBITDA 2.7x (author's CMCSA trigger was 2.9x)
BC,Brunswick Corporation,Producer Manufacturing,Trucks/Construction/Farm Machinery,NYSE,66.13,55.40,C,3,Still falling,7.96,4.27,14.51,-26.73,37.51,3.17,"FCF yield 8.0% vs 10Y Treasury 4.3% and S&P ~4–5% | Returns 4.3%/yr to holders (dividend 2.6% + buyback 1.7%) | Fwd P/E 14.5 vs sector median 19.6 | 27% below 52w high, 13% above 52w low | 5-year return -32% — long capitulation | Analysts: 12 Hold / 9 Buy / 0 Sell, avg target +38%",Net debt/EBITDA 3.2x includes the captive finance arm — check industrial net cash
VEON,VEON Ltd. Sponsored ADR,Communications,Wireless Telecommunications,NASDAQ,69.41,55.30,B,5,Mid-range,18.77,2.62,9.72,-7.45,26.21,1.63,"FCF yield 18.8% vs 10Y Treasury 4.3% and S&P ~4–5% | EV/EBITDA 4.3 vs sector median 7.4 | Analysts: 0 Hold / 5 Buy / 0 Sell, avg target +26% | Insiders bought $1.1M on the open market (last 90d, 1 buyer(s))",
AMRZ,Amrize Ltd,Non-Energy Minerals,Construction Materials,NYSE,38.05,55.20,C,4,Still falling,6.35,1.73,15.12,-42.30,37.71,2.21,"FCF yield 6.3% vs 10Y Treasury 4.3% and S&P ~4–5% | 42% below 52w high, 3% above 52w low | Analysts: 12 Hold / 12 Buy / 1 Sell, avg target +38% | Insiders bought $2.6M on the open market (last 90d, 9 buyer(s))",Missed EPS last quarter (-8%)
KBR,"KBR, Inc.",Technology Services,Information Technology Services,NYSE,34.84,55.20,C,3,Mid-range,7.90,6.43,8.74,-27.90,26.77,2.66,"FCF yield 7.9% vs 10Y Treasury 4.3% and S&P ~4–5% | Returns 6.4%/yr to holders (dividend 1.9% + buyback 4.5%) | Fwd P/E 8.7 vs sector median 19.5 | 28% below 52w high, 16% above 52w low | Analysts: 5 Hold / 3 Buy / 0 Sell, avg target +27%",Leverage: net debt/EBITDA 2.7x (author's CMCSA trigger was 2.9x) | Revenue shrinking -4.4% y/y — value-trap risk
DLO,DLocal Limited,Technology Services,Packaged Software,NASDAQ,13.82,55.20,C,4,Mid-range,11.56,1.40,16.70,-17.64,34.59,-3.07,"FCF yield 11.6% vs 10Y Treasury 4.3% and S&P ~4–5% | EV/EBITDA 11.3 vs sector median 18.2 | 5-year return -77% — long capitulation | Analysts: 1 Hold / 9 Buy / 0 Sell, avg target +35%",Missed EPS last quarter (-2%)
DOO,"BRP, Inc.",Producer Manufacturing,Trucks/Construction/Farm Machinery,NASDAQ,56.67,55.10,B,5,Mid-range,18.84,1.15,19.18,-30.79,28.45,2.10,"FCF yield 18.8% vs 10Y Treasury 4.3% and S&P ~4–5% | EV/EBITDA 7.1 vs sector median 14.5 | 31% below 52w high, 16% above 52w low | 5-year return -42% — long capitulation | Analysts: 9 Hold / 11 Buy / 0 Sell, avg target +28%",
MGA,Magna International Inc.,Producer Manufacturing,Auto Parts: OEM,NYSE,64.64,55.10,C,3,Mid-range,19.86,3.89,9.28,-11.72,10.79,1.23,FCF yield 19.9% vs 10Y Treasury 4.3% and S&P ~4–5% | Fwd P/E 9.3 vs sector median 19.6,Revenue shrinking -2.6% y/y — value-trap risk
BKE,"Buckle, Inc.",Retail Trade,Apparel/Footwear Retail,NYSE,43.07,55.10,C,4,Near lows,8.62,3.31,10.02,-27.47,6.80,0.42,"FCF yield 8.6% vs 10Y Treasury 4.3% and S&P ~4–5% | Fwd P/E 10.0 vs sector median 16.6 | 27% below 52w high, 9% above 52w low",
GAP,"Gap, Inc.",Retail Trade,Apparel/Footwear Retail,NYSE,22.95,55.10,C,4,Turning up,11.87,3.65,9.53,-21.83,16.21,1.49,"FCF yield 11.9% vs 10Y Treasury 4.3% and S&P ~4–5% | Fwd P/E 9.5 vs sector median 16.6 | 22% below 52w high, 27% above 52w low",
VC,Visteon Corporation,Producer Manufacturing,Auto Parts: OEM,NASDAQ,86.95,55.10,C,3,Still falling,6.89,2.91,10.23,-31.51,48.36,-0.55,"FCF yield 6.9% vs 10Y Treasury 4.3% and S&P ~4–5% | Fwd P/E 10.2 vs sector median 19.6 | 32% below 52w high, 4% above 52w low | Analysts: 4 Hold / 6 Buy / 0 Sell, avg target +48%",Revenue shrinking -1.1% y/y — value-trap risk | Missed EPS last quarter (-14%) | Short interest rising 32%
PHG,Koninklijke Philips N.V. Sponsored ADR,Health Services,Medical/Nursing Services,NYSE,25.11,55.00,B,5,Near lows,9.27,3.37,13.40,-24.90,20.73,1.96,"FCF yield 9.3% vs 10Y Treasury 4.3% and S&P ~4–5% | Fwd P/E 13.4 vs sector median 18.2 | 25% below 52w high, 5% above 52w low | 5-year return -41% — long capitulation | Analysts: 12 Hold / 6 Buy / 0 Sell, avg target +21%",
ATAT,Atour Lifestyle Holdings Ltd. Sponsored ADR,Consumer Services,Hotels/Resorts/Cruise lines,NASDAQ,32.77,55.00,C,2,Near lows,7.42,3.24,14.11,-24.10,50.46,-1.79,"FCF yield 7.4% vs 10Y Treasury 4.3% and S&P ~4–5% | 24% below 52w high, 6% above 52w low | Analysts: 0 Hold / 20 Buy / 0 Sell, avg target +50%",
JKHY,"Jack Henry & Associates, Inc.",Technology Services,Packaged Software,NASDAQ,147.82,54.90,C,3,Mid-range,6.70,5.41,20.07,-23.56,27.60,0.08,"FCF yield 6.7% vs 10Y Treasury 4.3% and S&P ~4–5% | Returns 5.4%/yr to holders (dividend 1.6% + buyback 3.8%) | EV/EBITDA 12.3 vs sector median 18.2 | 24% below 52w high, 22% above 52w low | Analysts: 6 Hold / 12 Buy / 1 Sell, avg target +28%",
UFPI,"UFP Industries, Inc.",Non-Energy Minerals,Forest Products,NASDAQ,79.42,54.90,C,4,Near lows,6.10,8.59,17.55,-32.69,29.19,-0.49,"FCF yield 6.1% vs 10Y Treasury 4.3% and S&P ~4–5% | Returns 8.6%/yr to holders (dividend 1.8% + buyback 6.8%) | 33% below 52w high, 2% above 52w low | Analysts: 3 Hold / 3 Buy / 0 Sell, avg target +29%",Revenue shrinking -4.7% y/y — value-trap risk
BP,BP PLC Sponsored ADR,Energy Minerals,Integrated Oil,NYSE,44.43,54.90,B,5,Mid-range,14.13,7.51,6.50,-7.96,13.75,0.85,FCF yield 14.1% vs 10Y Treasury 4.3% and S&P ~4–5% | Returns 7.5%/yr to holders (dividend 4.5% + buyback 3.0%) | Fwd P/E 6.5 vs sector median 9.0,
F,Ford Motor Company,Consumer Durables,Motor Vehicles,NYSE,12.38,54.80,B,5,Still falling,14.75,4.72,6.69,-30.37,30.59,13.52,"FCF yield 14.7% vs 10Y Treasury 4.3% and S&P ~4–5% | Returns 4.7%/yr to holders (dividend 4.7% + buyback 0.0%) | Fwd P/E 6.7 vs sector median 16.5 | 30% below 52w high, 11% above 52w low | Analysts: 13 Hold / 7 Buy / 0 Sell, avg target +31%",Net debt/EBITDA 13.5x includes the captive finance arm — check industrial net cash | Short interest rising 31%
CSL,Carlisle Companies Incorporated,Producer Manufacturing,Building Products,NYSE,326.32,54.80,C,4,Near lows,6.67,9.05,15.54,-24.62,25.76,1.78,"FCF yield 6.7% vs 10Y Treasury 4.3% and S&P ~4–5% | Returns 9.1%/yr to holders (dividend 1.4% + buyback 7.7%) | Fwd P/E 15.5 vs sector median 19.6 | 25% below 52w high, 11% above 52w low | Analysts: 5 Hold / 3 Buy / 0 Sell, avg target +26%",
CVSA,Covista Inc.,Consumer Services,Other Consumer Services,NYSE,117.51,54.70,C,4,Still falling,9.82,5.34,12.99,-24.80,35.73,1.02,"FCF yield 9.8% vs 10Y Treasury 4.3% and S&P ~4–5% | Returns 5.3%/yr to holders (dividend 0.0% + buyback 5.3%) | Fwd P/E 13.0 vs sector median 17.1 | 25% below 52w high, 35% above 52w low | Analysts: 1 Hold / 2 Buy / 0 Sell, avg target +36%",
HRMY,"Harmony Biosciences Holdings, Inc.",Health Technology,Pharmaceuticals: Major,NASDAQ,40.01,54.70,C,4,Mid-range,15.23,0.00,10.15,-8.00,18.38,-1.75,FCF yield 15.2% vs 10Y Treasury 4.3% and S&P ~4–5% | Fwd P/E 10.1 vs sector median 20.0,
PAYX,"Paychex, Inc.",Technology Services,Data Processing Services,NASDAQ,99.30,54.60,C,3,Still falling,5.71,5.84,16.66,-23.17,15.04,1.07,"Returns 5.8%/yr to holders (dividend 4.5% + buyback 1.4%) | EV/EBITDA 11.5 vs sector median 18.2 | 23% below 52w high, 16% above 52w low",
BKNG,Booking Holdings Inc.,Consumer Services,Other Consumer Services,NASDAQ,163.87,54.60,C,2,Still falling,7.75,4.18,15.67,-27.17,45.73,0.30,"FCF yield 7.7% vs 10Y Treasury 4.3% and S&P ~4–5% | Returns 4.2%/yr to holders (dividend 1.0% + buyback 3.2%) | 27% below 52w high, 9% above 52w low | Analysts: 8 Hold / 30 Buy / 0 Sell, avg target +46%",
QRVO,"Qorvo, Inc.",Electronic Technology,Semiconductors,NASDAQ,116.30,54.60,C,2,Mid-range,6.33,5.57,15.21,-3.96,-20.36,0.24,FCF yield 6.3% vs 10Y Treasury 4.3% and S&P ~4–5% | Returns 5.6%/yr to holders (dividend 0.0% + buyback 5.6%) | Fwd P/E 15.2 vs sector median 29.0 | 5-year return -33% — long capitulation,Revenue shrinking -0.2% y/y — value-trap risk
BSX,Boston Scientific Corporation,Health Technology,Medical Specialties,NYSE,44.11,54.60,B,5,Near lows,5.67,0.00,13.48,-58.25,35.10,2.00,"Fwd P/E 13.5 vs sector median 20.0 | 58% below 52w high, 5% above 52w low | Analysts: 6 Hold / 22 Buy / 0 Sell, avg target +35% | Insiders bought $9.5M on the open market (last 90d, 4 buyer(s))",
DLB,"Dolby Laboratories, Inc.",Technology Services,Packaged Software,NYSE,58.19,54.60,C,3,Mid-range,7.20,2.46,13.47,-20.30,35.76,-1.90,"FCF yield 7.2% vs 10Y Treasury 4.3% and S&P ~4–5% | Fwd P/E 13.5 vs sector median 19.5 | 20% below 52w high, 21% above 52w low | 5-year return -36% — long capitulation | Analysts: 1 Hold / 4 Buy / 0 Sell, avg target +36%",
LMT,Lockheed Martin Corporation,Electronic Technology,Aerospace & Defense,NYSE,518.10,54.60,C,3,Mid-range,7.30,4.76,17.02,-25.13,23.07,1.55,"FCF yield 7.3% vs 10Y Treasury 4.3% and S&P ~4–5% | Returns 4.8%/yr to holders (dividend 2.6% + buyback 2.1%) | Fwd P/E 17.0 vs sector median 29.0 | 25% below 52w high, 18% above 52w low | Analysts: 12 Hold / 8 Buy / 1 Sell, avg target +23%",
ALB,Albemarle Corporation,Process Industries,Chemicals: Specialty,NYSE,107.39,54.50,B,5,Mid-range,10.59,1.48,9.36,-51.41,62.85,0.25,"FCF yield 10.6% vs 10Y Treasury 4.3% and S&P ~4–5% | Fwd P/E 9.4 vs sector median 14.9 | 51% below 52w high, 35% above 52w low | 5-year return -51% — long capitulation | Analysts: 9 Hold / 13 Buy / 0 Sell, avg target +63%",High beta 1.52
UHS,"Universal Health Services, Inc.",Health Services,Hospital/Nursing Management,NYSE,177.48,54.50,B,5,Turning up,8.08,7.22,7.86,-27.95,8.89,1.90,"FCF yield 8.1% vs 10Y Treasury 4.3% and S&P ~4–5% | Returns 7.2%/yr to holders (dividend 0.4% + buyback 6.8%) | Fwd P/E 7.9 vs sector median 18.2 | 28% below 52w high, 27% above 52w low",
RAMP,"LiveRamp Holdings, Inc.",Technology Services,Packaged Software,NYSE,37.63,54.50,B,5,Mid-range,8.74,7.44,11.93,-1.57,2.31,-2.80,FCF yield 8.7% vs 10Y Treasury 4.3% and S&P ~4–5% | Returns 7.4%/yr to holders (dividend 0.0% + buyback 7.4%) | Fwd P/E 11.9 vs sector median 19.5,Short interest rising 102%
TPR,"Tapestry, Inc.",Retail Trade,Apparel/Footwear Retail,NYSE,113.45,54.40,C,4,Still falling,8.01,5.11,14.22,-31.16,52.15,1.31,"FCF yield 8.0% vs 10Y Treasury 4.3% and S&P ~4–5% | Returns 5.1%/yr to holders (dividend 1.4% + buyback 3.7%) | 31% below 52w high, 22% above 52w low | Analysts: 4 Hold / 14 Buy / 0 Sell, avg target +52%",
BR,"Broadridge Financial Solutions, Inc.",Technology Services,Information Technology Services,NYSE,162.92,54.40,C,4,Mid-range,6.88,4.80,15.44,-31.76,27.76,1.70,"FCF yield 6.9% vs 10Y Treasury 4.3% and S&P ~4–5% | Returns 4.8%/yr to holders (dividend 2.1% + buyback 2.6%) | Fwd P/E 15.4 vs sector median 19.5 | 32% below 52w high, 22% above 52w low | Analysts: 4 Hold / 5 Buy / 0 Sell, avg target +28%",
INGR,Ingredion Incorporated,Consumer Non-Durables,Food: Specialty/Candy,NYSE,96.45,54.30,C,2,Near lows,5.84,5.72,9.16,-21.90,19.23,0.75,"Returns 5.7%/yr to holders (dividend 3.4% + buyback 2.3%) | Fwd P/E 9.2 vs sector median 14.7 | 22% below 52w high, 2% above 52w low",Revenue shrinking -1.4% y/y — value-trap risk
CHDN,Churchill Downs Incorporated,Consumer Services,Movies/Entertainment,NASDAQ,75.72,54.30,C,3,Still falling,10.77,5.86,10.87,-36.02,76.49,4.44,"FCF yield 10.8% vs 10Y Treasury 4.3% and S&P ~4–5% | Returns 5.9%/yr to holders (dividend 0.5% + buyback 5.3%) | Fwd P/E 10.9 vs sector median 17.1 | 36% below 52w high, 1% above 52w low | 5-year return -38% — long capitulation | Analysts: 0 Hold / 10 Buy / 0 Sell, avg target +76%",Leverage: net debt/EBITDA 4.4x (author's CMCSA trigger was 2.9x) | Missed EPS last quarter (-0%)
BF.B,Brown-Forman Corporation,Consumer Non-Durables,Beverages: Alcoholic,NYSE,26.03,54.30,C,3,Mid-range,7.69,8.13,15.25,-18.45,6.94,1.75,FCF yield 7.7% vs 10Y Treasury 4.3% and S&P ~4–5% | Returns 8.1%/yr to holders (dividend 3.5% + buyback 4.6%) | 5-year return -62% — long capitulation,Revenue shrinking -0.2% y/y — value-trap risk
NVST,Envista Holdings Corp.,Health Technology,Medical Specialties,NYSE,23.73,54.20,B,5,Still falling,6.51,4.88,15.48,-21.99,26.42,1.11,"FCF yield 6.5% vs 10Y Treasury 4.3% and S&P ~4–5% | Returns 4.9%/yr to holders (dividend 0.0% + buyback 4.9%) | Fwd P/E 15.5 vs sector median 20.0 | 22% below 52w high, 26% above 52w low | 5-year return -44% — long capitulation | Analysts: 7 Hold / 6 Buy / 0 Sell, avg target +26%",
DHI,"D.R. Horton, Inc.",Consumer Durables,Homebuilding,NYSE,139.42,54.10,C,3,Near lows,8.21,10.39,13.33,-20.88,14.76,1.22,"FCF yield 8.2% vs 10Y Treasury 4.3% and S&P ~4–5% | Returns 10.4%/yr to holders (dividend 1.3% + buyback 9.1%) | 21% below 52w high, 6% above 52w low",Revenue shrinking -3.5% y/y — value-trap risk
LOPE,"Grand Canyon Education, Inc.",Commercial Services,Miscellaneous Commercial Services,NASDAQ,146.40,54.10,C,3,Near lows,6.36,5.08,14.34,-34.36,33.20,-0.47,"FCF yield 6.4% vs 10Y Treasury 4.3% and S&P ~4–5% | Returns 5.1%/yr to holders (dividend 0.0% + buyback 5.1%) | 34% below 52w high, 9% above 52w low | Analysts: 0 Hold / 3 Buy / 0 Sell, avg target +33%",
PFE,Pfizer Inc.,Health Technology,Pharmaceuticals: Major,NYSE,28.72,54.10,C,3,Mid-range,6.71,6.00,9.65,-1.68,-0.51,2.19,"FCF yield 6.7% vs 10Y Treasury 4.3% and S&P ~4–5% | Returns 6.0%/yr to holders (dividend 6.0% + buyback 0.0%) | Fwd P/E 9.7 vs sector median 20.0 | 5-year return -33% — long capitulation | Insiders bought $3.0M on the open market (last 90d, 3 buyer(s))",Revenue shrinking -0.2% y/y — value-trap risk | Dividend barely covered by FCF (1.1x)
UBER,"Uber Technologies, Inc.",Transportation,Other Transportation,NYSE,68.16,54.10,C,4,Still falling,7.27,1.90,20.25,-32.71,48.69,1.07,"FCF yield 7.3% vs 10Y Treasury 4.3% and S&P ~4–5% | 33% below 52w high, 4% above 52w low | Analysts: 8 Hold / 42 Buy / 1 Sell, avg target +49% | Insiders bought $10.0M on the open market (last 90d, 1 buyer(s))",
ITRI,"Itron, Inc.",Electronic Technology,Electronic Equipment/Instruments,NASDAQ,88.49,54.00,C,4,Still falling,9.34,0.45,13.78,-37.68,46.46,2.27,"FCF yield 9.3% vs 10Y Treasury 4.3% and S&P ~4–5% | Fwd P/E 13.8 vs sector median 29.0 | 38% below 52w high, 14% above 52w low | Analysts: 2 Hold / 9 Buy / 0 Sell, avg target +46%",Revenue shrinking -5.7% y/y — value-trap risk
MBLY,"Mobileye Global, Inc.",Technology Services,Packaged Software,NASDAQ,7.79,53.90,B,5,Mid-range,6.37,0.00,15.87,-50.70,48.11,-10.23,"FCF yield 6.4% vs 10Y Treasury 4.3% and S&P ~4–5% | 51% below 52w high, 20% above 52w low | 5-year return -71% — long capitulation | Analysts: 11 Hold / 9 Buy / 1 Sell, avg target +48% | Insiders bought $198.8K on the open market (last 90d, 2 buyer(s))",High beta 2.10
HUBS,"HubSpot, Inc.",Technology Services,Packaged Software,NYSE,202.84,53.80,C,4,Mid-range,7.86,0.00,15.26,-61.08,23.07,-3.43,"FCF yield 7.9% vs 10Y Treasury 4.3% and S&P ~4–5% | Fwd P/E 15.3 vs sector median 19.5 | 61% below 52w high, 20% above 52w low | 5-year return -71% — long capitulation | Analysts: 20 Hold / 14 Buy / 0 Sell, avg target +23% | Insiders bought $199.7K on the open market (last 90d, 1 buyer(s))",
MWA,"Mueller Water Products, Inc.",Producer Manufacturing,Industrial Machinery,NYSE,21.64,53.70,B,5,Still falling,5.32,1.29,13.79,-30.19,36.32,-0.12,"Fwd P/E 13.8 vs sector median 19.6 | 30% below 52w high, 1% above 52w low | Analysts: 3 Hold / 2 Buy / 2 Sell, avg target +36%",
PBH,Prestige Consumer Healthcare Inc,Health Technology,Pharmaceuticals: Major,NYSE,46.93,53.70,C,3,Near lows,10.59,4.42,10.24,-33.97,43.30,6.13,"FCF yield 10.6% vs 10Y Treasury 4.3% and S&P ~4–5% | Returns 4.4%/yr to holders (dividend 0.0% + buyback 4.4%) | Fwd P/E 10.2 vs sector median 20.0 | 34% below 52w high, 10% above 52w low | Analysts: 2 Hold / 4 Buy / 0 Sell, avg target +43%",Leverage: net debt/EBITDA 6.1x (author's CMCSA trigger was 2.9x) | Revenue shrinking -1.4% y/y — value-trap risk | Short interest rising 26%
VFC,V.F. Corporation,Consumer Non-Durables,Apparel/Footwear,NYSE,14.42,53.60,C,4,Turning up,10.92,2.54,13.50,-35.25,19.94,3.25,"FCF yield 10.9% vs 10Y Treasury 4.3% and S&P ~4–5% | EV/EBITDA 7.6 vs sector median 11.2 | 35% below 52w high, 16% above 52w low | 5-year return -79% — long capitulation | Insiders bought $787.4K on the open market (last 90d, 2 buyer(s))",Leverage: net debt/EBITDA 3.3x (author's CMCSA trigger was 2.9x) | Revenue shrinking -0.2% y/y — value-trap risk | High beta 1.66 | Missed EPS last quarter (-20%)
PEGA,Pegasystems Inc.,Technology Services,Information Technology Services,NASDAQ,33.23,53.50,C,4,Mid-range,9.01,1.45,13.65,-51.20,20.31,-1.31,"FCF yield 9.0% vs 10Y Treasury 4.3% and S&P ~4–5% | Fwd P/E 13.7 vs sector median 19.5 | 51% below 52w high, 32% above 52w low | 5-year return -49% — long capitulation | Analysts: 9 Hold / 4 Buy / 0 Sell, avg target +20%",Missed EPS last quarter (-19%)
ZM,"Zoom Communications, Inc.",Technology Services,Packaged Software,NASDAQ,87.30,53.40,C,4,Still falling,7.56,0.00,14.21,-23.91,35.36,-5.48,"FCF yield 7.6% vs 10Y Treasury 4.3% and S&P ~4–5% | Fwd P/E 14.2 vs sector median 19.5 | 24% below 52w high, 23% above 52w low | 5-year return -68% — long capitulation | Analysts: 14 Hold / 17 Buy / 1 Sell, avg target +35%",
ADSK,"Autodesk, Inc.",Technology Services,Packaged Software,NASDAQ,207.19,53.30,C,3,Near lows,6.56,0.93,16.45,-36.48,50.15,-0.22,"FCF yield 6.6% vs 10Y Treasury 4.3% and S&P ~4–5% | 36% below 52w high, 12% above 52w low | Analysts: 6 Hold / 28 Buy / 0 Sell, avg target +50%",
HTHT,H World Group Limited Sponsored ADR,Consumer Services,Hotels/Resorts/Cruise lines,NASDAQ,43.29,53.30,C,3,Mid-range,9.03,5.33,16.20,-23.56,40.49,2.25,"FCF yield 9.0% vs 10Y Treasury 4.3% and S&P ~4–5% | Returns 5.3%/yr to holders (dividend 4.9% + buyback 0.4%) | 24% below 52w high, 18% above 52w low | Analysts: 0 Hold / 24 Buy / 0 Sell, avg target +40%",
TNET,"TriNet Group, Inc.",Commercial Services,Miscellaneous Commercial Services,NYSE,63.39,53.20,C,4,Mid-range,9.90,6.08,13.06,-13.25,4.43,-0.99,FCF yield 9.9% vs 10Y Treasury 4.3% and S&P ~4–5% | Returns 6.1%/yr to holders (dividend 1.7% + buyback 4.3%) | EV/EBITDA 5.5 vs sector median 11.2 | 5-year return -33% — long capitulation,Revenue shrinking -2.8% y/y — value-trap risk
TNL,Travel + Leisure Co.,Consumer Services,Hotels/Resorts/Cruise lines,NYSE,63.87,53.20,C,4,Near lows,11.31,9.70,8.43,-21.15,42.74,6.34,"FCF yield 11.3% vs 10Y Treasury 4.3% and S&P ~4–5% | Returns 9.7%/yr to holders (dividend 3.6% + buyback 6.1%) | Fwd P/E 8.4 vs sector median 17.1 | 21% below 52w high, 10% above 52w low | Analysts: 1 Hold / 11 Buy / 0 Sell, avg target +43%",Leverage: net debt/EBITDA 6.3x (author's CMCSA trigger was 2.9x)
LKQ,LKQ Corporation,Consumer Durables,Automotive Aftermarket,NASDAQ,23.22,53.20,C,4,Near lows,10.64,6.73,8.65,-37.46,33.81,3.57,"FCF yield 10.6% vs 10Y Treasury 4.3% and S&P ~4–5% | Returns 6.7%/yr to holders (dividend 5.2% + buyback 1.6%) | Fwd P/E 8.7 vs sector median 16.5 | 37% below 52w high, 10% above 52w low | 5-year return -56% — long capitulation | Analysts: 2 Hold / 6 Buy / 0 Sell, avg target +34%",Leverage: net debt/EBITDA 3.6x (author's CMCSA trigger was 2.9x) | Revenue shrinking -2.5% y/y — value-trap risk | Missed EPS last quarter (-5%)
POOL,Pool Corporation,Distribution Services,Wholesale Distributors,NASDAQ,163.31,53.20,C,4,Still falling,5.07,6.05,14.87,-47.95,32.88,2.62,"Returns 6.0%/yr to holders (dividend 3.1% + buyback 3.0%) | 48% below 52w high, 2% above 52w low | 5-year return -64% — long capitulation | Analysts: 10 Hold / 4 Buy / 0 Sell, avg target +33%",Leverage: net debt/EBITDA 2.6x (author's CMCSA trigger was 2.9x)
BCRX,"BioCryst Pharmaceuticals, Inc.",Health Technology,Biotechnology,NASDAQ,8.47,53.10,B,5,Mid-range,16.46,0.00,,-24.51,143.64,1.25,"FCF yield 16.5% vs 10Y Treasury 4.3% and S&P ~4–5% | EV/EBITDA 6.8 vs sector median 16.7 | 25% below 52w high, 41% above 52w low | 5-year return -45% — long capitulation | Analysts: 2 Hold / 9 Buy / 0 Sell, avg target +144%",
TALO,"Talos Energy, Inc.",Energy Minerals,Oil & Gas Production,NYSE,16.46,53.10,B,5,Mid-range,11.77,6.39,12.64,-12.10,22.61,0.63,"FCF yield 11.8% vs 10Y Treasury 4.3% and S&P ~4–5% | Returns 6.4%/yr to holders (dividend 0.0% + buyback 6.4%) | EV/EBITDA 2.9 vs sector median 6.0 | Analysts: 4 Hold / 8 Buy / 0 Sell, avg target +23%",
OPCH,Option Care Health Inc,Health Services,Medical/Nursing Services,NASDAQ,22.90,53.10,C,4,Mid-range,8.86,5.66,12.18,-37.77,24.82,2.65,"FCF yield 8.9% vs 10Y Treasury 4.3% and S&P ~4–5% | Returns 5.7%/yr to holders (dividend 0.0% + buyback 5.7%) | Fwd P/E 12.2 vs sector median 18.2 | 38% below 52w high, 27% above 52w low | Analysts: 5 Hold / 8 Buy / 0 Sell, avg target +25%",Leverage: net debt/EBITDA 2.7x (author's CMCSA trigger was 2.9x)
SMG,Scotts Miracle-Gro Company,Process Industries,Chemicals: Agricultural,NYSE,48.44,53.00,C,3,Still falling,9.34,5.19,10.96,-35.70,58.13,3.82,"FCF yield 9.3% vs 10Y Treasury 4.3% and S&P ~4–5% | Returns 5.2%/yr to holders (dividend 5.2% + buyback 0.0%) | Fwd P/E 11.0 vs sector median 14.9 | 36% below 52w high, 0% above 52w low | 5-year return -67% — long capitulation | Analysts: 3 Hold / 4 Buy / 0 Sell, avg target +58%",Leverage: net debt/EBITDA 3.8x (author's CMCSA trigger was 2.9x) | Revenue shrinking -2.0% y/y — value-trap risk
VOD,Vodafone Group Public Limited Company Sponsored ADR,Communications,Wireless Telecommunications,NASDAQ,16.58,53.00,C,4,Mid-range,25.81,10.54,13.14,-6.38,-0.33,2.24,FCF yield 25.8% vs 10Y Treasury 4.3% and S&P ~4–5% | Returns 10.5%/yr to holders (dividend 3.0% + buyback 7.5%) | EV/EBITDA 4.5 vs sector median 7.4,FCF yield looks too high — check for one-offs (the author's 'P/E illusion' warning)
CRM,"Salesforce, Inc.",Technology Services,Packaged Software,NYSE,227.27,52.80,B,5,Mid-range,8.10,4.16,13.57,-15.55,24.43,2.32,"FCF yield 8.1% vs 10Y Treasury 4.3% and S&P ~4–5% | Returns 4.2%/yr to holders (dividend 0.7% + buyback 3.4%) | Fwd P/E 13.6 vs sector median 19.5 | Analysts: 17 Hold / 36 Buy / 0 Sell, avg target +24% | Insiders bought $999.5K on the open market (last 90d, 1 buyer(s))",
DRD,DRDGOLD Ltd. Sponsored ADR,Non-Energy Minerals,Precious Metals,NYSE,24.34,52.80,C,3,Mid-range,6.06,1.67,7.39,-38.18,43.04,-0.46,"FCF yield 6.1% vs 10Y Treasury 4.3% and S&P ~4–5% | Fwd P/E 7.4 vs sector median 13.9 | 38% below 52w high, 25% above 52w low | Analysts: 0 Hold / 4 Buy / 1 Sell, avg target +43%",
GPOR,Gulfport Energy Corp,Energy Minerals,Oil & Gas Production,NYSE,152.09,52.70,B,6,Still falling,9.30,0.00,6.50,-32.64,43.29,0.99,"FCF yield 9.3% vs 10Y Treasury 4.3% and S&P ~4–5% | Fwd P/E 6.5 vs sector median 9.0 | 33% below 52w high, 2% above 52w low | Analysts: 7 Hold / 6 Buy / 1 Sell, avg target +43% | Insiders bought $257.0K on the open market (last 90d, 1 buyer(s))",Missed EPS last quarter (-0%)
MNDY,monday.com Ltd.,Technology Services,Packaged Software,NASDAQ,79.05,52.70,B,5,Mid-range,9.47,0.00,14.46,-62.44,34.67,-15.27,"FCF yield 9.5% vs 10Y Treasury 4.3% and S&P ~4–5% | Fwd P/E 14.5 vs sector median 19.5 | 62% below 52w high, 37% above 52w low | 5-year return -78% — long capitulation | Analysts: 11 Hold / 14 Buy / 0 Sell, avg target +35%",
KD,Kyndryl Holdings Incorporation,Technology Services,Data Processing Services,NYSE,11.23,52.70,C,4,Still falling,6.05,3.47,6.05,-63.76,26.45,0.84,"FCF yield 6.1% vs 10Y Treasury 4.3% and S&P ~4–5% | Fwd P/E 6.1 vs sector median 19.5 | 64% below 52w high, 11% above 52w low | 5-year return -78% — long capitulation | Analysts: 6 Hold / 0 Buy / 1 Sell, avg target +26%",Revenue shrinking -0.6% y/y — value-trap risk | High beta 1.92
UGP,Ultrapar Participacoes S.A. Sponsored ADR,Retail Trade,Specialty Stores,NYSE,7.13,52.70,C,4,Mid-range,14.54,4.47,8.61,-8.35,1.08,1.11,FCF yield 14.5% vs 10Y Treasury 4.3% and S&P ~4–5% | Returns 4.5%/yr to holders (dividend 4.5% + buyback 0.0%) | Fwd P/E 8.6 vs sector median 16.6,
LOGI,Logitech International S.A.,Electronic Technology,Computer Peripherals,NASDAQ,100.33,52.60,C,2,Mid-range,7.09,4.87,18.00,-22.62,12.04,-1.74,"FCF yield 7.1% vs 10Y Treasury 4.3% and S&P ~4–5% | Returns 4.9%/yr to holders (dividend 1.5% + buyback 3.4%) | Fwd P/E 18.0 vs sector median 29.0 | 23% below 52w high, 20% above 52w low",Revenue shrinking -4.2% y/y — value-trap risk | High beta 1.59
LTM,LATAM Airlines Group SA Sponsored ADR,Transportation,Airlines,NYSE,51.50,52.60,B,5,Mid-range,11.68,6.83,10.90,-26.87,39.09,1.47,"FCF yield 11.7% vs 10Y Treasury 4.3% and S&P ~4–5% | Returns 6.8%/yr to holders (dividend 1.8% + buyback 5.0%) | Fwd P/E 10.9 vs sector median 14.8 | 27% below 52w high, 24% above 52w low | Analysts: 0 Hold / 11 Buy / 0 Sell, avg target +39%",High beta 1.55
LEVI,Levi Strauss & Co.,Consumer Non-Durables,Apparel/Footwear,NYSE,19.81,52.60,C,2,Near lows,7.55,3.29,12.85,-22.92,42.69,1.34,"FCF yield 7.5% vs 10Y Treasury 4.3% and S&P ~4–5% | 23% below 52w high, 12% above 52w low | Analysts: 4 Hold / 11 Buy / 0 Sell, avg target +43%",
RTO,Rentokil Initial plc Sponsored ADR,Commercial Services,Miscellaneous Commercial Services,NYSE,20.50,52.60,C,3,Still falling,7.48,2.70,14.61,-40.86,52.56,2.18,"FCF yield 7.5% vs 10Y Treasury 4.3% and S&P ~4–5% | EV/EBITDA 8.4 vs sector median 11.2 | 41% below 52w high, 2% above 52w low | 5-year return -48% — long capitulation | Analysts: 6 Hold / 11 Buy / 0 Sell, avg target +53%",Missed EPS last quarter (-41%)
DVA,DaVita Inc.,Health Services,Medical/Nursing Services,NYSE,178.07,52.50,B,5,Mid-range,14.17,14.88,12.05,-28.05,28.60,4.51,"FCF yield 14.2% vs 10Y Treasury 4.3% and S&P ~4–5% | Returns 14.9%/yr to holders (dividend 0.0% + buyback 14.9%) | Fwd P/E 12.1 vs sector median 18.2 | 28% below 52w high, 76% above 52w low | Analysts: 5 Hold / 4 Buy / 0 Sell, avg target +29%",Leverage: net debt/EBITDA 4.5x (author's CMCSA trigger was 2.9x)
VTRS,"Viatris, Inc.",Health Technology,Pharmaceuticals: Major,NASDAQ,18.27,52.50,C,4,Mid-range,9.32,6.25,7.26,-0.65,7.64,2.89,FCF yield 9.3% vs 10Y Treasury 4.3% and S&P ~4–5% | Returns 6.2%/yr to holders (dividend 2.7% + buyback 3.6%) | Fwd P/E 7.3 vs sector median 20.0,Leverage: net debt/EBITDA 2.9x (author's CMCSA trigger was 2.9x)
CSGP,"CoStar Group, Inc.",Technology Services,Internet Software/Services,NASDAQ,27.02,52.50,C,4,Still falling,4.06,0.00,19.77,-68.30,35.57,-0.28,"68% below 52w high, 4% above 52w low | 5-year return -69% — long capitulation | Analysts: 10 Hold / 12 Buy / 1 Sell, avg target +36% | Insiders bought $2.5M on the open market (last 90d, 1 buyer(s))",
AGX,"Argan, Inc.",Industrial Services,Engineering & Construction,NYSE,355.21,52.50,C,4,Still falling,10.95,0.55,27.25,-55.92,61.31,-5.50,"FCF yield 11.0% vs 10Y Treasury 4.3% and S&P ~4–5% | 56% below 52w high, 39% above 52w low | Analysts: 1 Hold / 4 Buy / 1 Sell, avg target +61%",
GTX,Garrett Motion Inc,Producer Manufacturing,Auto Parts: OEM,NASDAQ,25.86,52.50,C,4,Mid-range,7.57,8.84,13.05,-28.66,42.43,1.91,"FCF yield 7.6% vs 10Y Treasury 4.3% and S&P ~4–5% | Returns 8.8%/yr to holders (dividend 1.2% + buyback 7.7%) | Fwd P/E 13.0 vs sector median 19.6 | 29% below 52w high, 111% above 52w low | Analysts: 1 Hold / 4 Buy / 0 Sell, avg target +42%",
MKC.V,"McCormick & Company, Incorporated",Consumer Non-Durables,Food: Specialty/Candy,NYSE,50.31,52.40,C,3,Mid-range,7.70,8.95,16.31,-30.26,19.26,3.08,"FCF yield 7.7% vs 10Y Treasury 4.3% and S&P ~4–5% | Returns 9.0%/yr to holders (dividend 3.9% + buyback 5.1%) | 30% below 52w high, 14% above 52w low | 5-year return -40% — long capitulation",Leverage: net debt/EBITDA 3.1x (author's CMCSA trigger was 2.9x)
SIRI,SiriusXM Holdings Inc.,Consumer Services,Broadcasting,NASDAQ,25.94,52.40,C,4,Still falling,17.72,5.36,8.70,-20.58,28.50,3.60,"FCF yield 17.7% vs 10Y Treasury 4.3% and S&P ~4–5% | Returns 5.4%/yr to holders (dividend 4.2% + buyback 1.2%) | Fwd P/E 8.7 vs sector median 17.1 | 21% below 52w high, 31% above 52w low | 5-year return -58% — long capitulation | Analysts: 6 Hold / 5 Buy / 2 Sell, avg target +29%",Leverage: net debt/EBITDA 3.6x (author's CMCSA trigger was 2.9x) | Missed EPS last quarter (-10%)
LYFT,"Lyft, Inc.",Transportation,Other Transportation,NASDAQ,14.88,52.30,C,4,Mid-range,19.75,2.10,26.36,-41.74,31.81,-14.95,"FCF yield 19.7% vs 10Y Treasury 4.3% and S&P ~4–5% | 42% below 52w high, 19% above 52w low | 5-year return -73% — long capitulation | Analysts: 33 Hold / 13 Buy / 0 Sell, avg target +32%",High beta 2.11 | Missed EPS last quarter (-10%)
MHK,"Mohawk Industries, Inc.",Producer Manufacturing,Building Products,NYSE,124.43,52.20,C,4,Mid-range,10.79,1.76,12.66,-11.31,8.95,1.07,FCF yield 10.8% vs 10Y Treasury 4.3% and S&P ~4–5% | Fwd P/E 12.7 vs sector median 19.6 | 5-year return -33% — long capitulation,
ANF,Abercrombie & Fitch Co.,Retail Trade,Apparel/Footwear Retail,NYSE,134.18,52.20,B,5,Mid-range,9.95,9.51,10.42,-13.55,21.89,0.72,"FCF yield 9.9% vs 10Y Treasury 4.3% and S&P ~4–5% | Returns 9.5%/yr to holders (dividend 0.0% + buyback 9.5%) | Fwd P/E 10.4 vs sector median 16.6 | Analysts: 7 Hold / 8 Buy / 0 Sell, avg target +22%",High beta 1.84
CCU,Compania Cervecerias Unidas S.A. Sponsored ADR,Consumer Non-Durables,Beverages: Alcoholic,NYSE,10.84,52.20,C,4,Still falling,8.08,2.05,13.21,-29.43,37.38,2.42,"FCF yield 8.1% vs 10Y Treasury 4.3% and S&P ~4–5% | EV/EBITDA 7.5 vs sector median 11.2 | 29% below 52w high, 1% above 52w low | 5-year return -38% — long capitulation | Analysts: 4 Hold / 1 Buy / 4 Sell, avg target +37%",Missed EPS last quarter (-58%)
SSNC,"SS&C Technologies Holdings, Inc.",Technology Services,Packaged Software,NASDAQ,78.00,52.10,C,4,Mid-range,9.64,2.64,10.98,-13.27,20.51,1.88,"FCF yield 9.6% vs 10Y Treasury 4.3% and S&P ~4–5% | Fwd P/E 11.0 vs sector median 19.5 | Analysts: 3 Hold / 7 Buy / 0 Sell, avg target +21%",
LII,Lennox International Inc.,Producer Manufacturing,Industrial Machinery,NYSE,368.41,52.10,C,3,Near lows,5.80,3.66,15.61,-37.27,30.90,1.69,"Fwd P/E 15.6 vs sector median 19.6 | 37% below 52w high, 5% above 52w low | Analysts: 14 Hold / 5 Buy / 1 Sell, avg target +31%",Revenue shrinking -2.1% y/y — value-trap risk
DOCU,"DocuSign, Inc.",Technology Services,Packaged Software,NASDAQ,66.98,52.00,B,5,Mid-range,9.57,2.33,14.49,-18.20,6.11,-1.17,FCF yield 9.6% vs 10Y Treasury 4.3% and S&P ~4–5% | Fwd P/E 14.5 vs sector median 19.5 | 5-year return -74% — long capitulation,
ZBH,"Zimmer Biomet Holdings, Inc.",Health Technology,Medical Specialties,NYSE,91.62,52.00,C,2,Mid-range,6.87,2.86,10.74,-14.28,16.19,2.83,FCF yield 6.9% vs 10Y Treasury 4.3% and S&P ~4–5% | Fwd P/E 10.7 vs sector median 20.0 | 5-year return -37% — long capitulation,Leverage: net debt/EBITDA 2.8x (author's CMCSA trigger was 2.9x)
CIG,Companhia Energetica de Minas Gerais SA Sponsored ADR Pfd,Utilities,Electric Utilities,NYSE,2.03,52.00,C,4,Near lows,8.01,10.27,8.29,-26.45,,2.79,"FCF yield 8.0% vs 10Y Treasury 4.3% and S&P ~4–5% | Returns 10.3%/yr to holders (dividend 10.3% + buyback 0.0%) | Fwd P/E 8.3 vs sector median 17.4 | 26% below 52w high, 9% above 52w low",Leverage: net debt/EBITDA 2.8x (author's CMCSA trigger was 2.9x) | Dividend barely covered by FCF (0.8x)
GPK,Graphic Packaging Holding Company,Process Industries,Containers/Packaging,NYSE,9.25,51.90,B,5,Still falling,6.90,6.37,12.93,-53.07,34.05,4.71,"FCF yield 6.9% vs 10Y Treasury 4.3% and S&P ~4–5% | Returns 6.4%/yr to holders (dividend 4.7% + buyback 1.7%) | EV/EBITDA 7.1 vs sector median 9.7 | 53% below 52w high, 5% above 52w low | 5-year return -53% — long capitulation | Analysts: 10 Hold / 2 Buy / 2 Sell, avg target +34%",Leverage: net debt/EBITDA 4.7x (author's CMCSA trigger was 2.9x)
CSTM,Constellium SE,Non-Energy Minerals,Aluminum,NYSE,24.63,51.90,C,4,Still falling,6.64,5.64,6.37,-33.41,46.98,1.54,"FCF yield 6.6% vs 10Y Treasury 4.3% and S&P ~4–5% | Returns 5.6%/yr to holders (dividend 0.0% + buyback 5.6%) | Fwd P/E 6.4 vs sector median 13.9 | 33% below 52w high, 71% above 52w low | Analysts: 1 Hold / 4 Buy / 0 Sell, avg target +47%",High beta 1.61
RIG,Transocean Ltd.,Industrial Services,Contract Drilling,NYSE,5.28,51.80,B,5,Mid-range,15.33,0.00,23.25,-31.07,21.15,2.82,"FCF yield 15.3% vs 10Y Treasury 4.3% and S&P ~4–5% | EV/EBITDA 6.7 vs sector median 14.5 | 31% below 52w high, 74% above 52w low | Analysts: 6 Hold / 7 Buy / 2 Sell, avg target +21% | Insiders bought $173.2K on the open market (last 90d, 1 buyer(s))",Leverage: net debt/EBITDA 2.8x (author's CMCSA trigger was 2.9x)
ABG,"Asbury Automotive Group, Inc.",Retail Trade,Specialty Stores,NYSE,179.68,51.80,B,5,Still falling,15.15,1.81,6.80,-30.56,40.64,5.47,"FCF yield 15.1% vs 10Y Treasury 4.3% and S&P ~4–5% | Fwd P/E 6.8 vs sector median 16.6 | 31% below 52w high, 4% above 52w low | Analysts: 8 Hold / 4 Buy / 1 Sell, avg target +41%",Leverage: net debt/EBITDA 5.5x (author's CMCSA trigger was 2.9x)
CPB,Campbell's Company,Consumer Non-Durables,Food: Specialty/Candy,NASDAQ,20.04,51.80,C,3,Near lows,11.34,8.05,11.83,-37.80,-3.01,4.66,"FCF yield 11.3% vs 10Y Treasury 4.3% and S&P ~4–5% | Returns 8.1%/yr to holders (dividend 8.1% + buyback 0.0%) | EV/EBITDA 8.8 vs sector median 11.2 | 38% below 52w high, 4% above 52w low | 5-year return -53% — long capitulation",Leverage: net debt/EBITDA 4.7x (author's CMCSA trigger was 2.9x) | Revenue shrinking -5.0% y/y — value-trap risk
PSO,Pearson PLC Sponsored ADR,Consumer Services,Publishing: Books/Magazines,NYSE,15.94,51.70,C,4,Mid-range,14.94,2.14,16.79,-10.17,5.67,1.28,FCF yield 14.9% vs 10Y Treasury 4.3% and S&P ~4–5% | EV/EBITDA 7.8 vs sector median 12.7,
APA,APA Corporation,Energy Minerals,Integrated Oil,NASDAQ,42.33,51.70,C,3,Mid-range,14.17,5.74,6.97,-10.77,9.58,0.57,FCF yield 14.2% vs 10Y Treasury 4.3% and S&P ~4–5% | Returns 5.7%/yr to holders (dividend 2.3% + buyback 3.4%) | Fwd P/E 7.0 vs sector median 9.0,Revenue shrinking -12.4% y/y — value-trap risk | Missed EPS last quarter (-0%)
MD,"Pediatrix Medical Group, Inc.",Health Services,Medical/Nursing Services,NYSE,25.93,51.70,C,4,Mid-range,10.85,3.37,11.04,-7.19,1.56,0.82,FCF yield 10.9% vs 10Y Treasury 4.3% and S&P ~4–5% | Fwd P/E 11.0 vs sector median 18.2,
SITE,"SiteOne Landscape Supply, Inc.",Distribution Services,Wholesale Distributors,NYSE,90.93,51.60,C,2,Near lows,6.53,1.17,21.94,-46.05,40.22,2.76,"FCF yield 6.5% vs 10Y Treasury 4.3% and S&P ~4–5% | 46% below 52w high, 5% above 52w low | 5-year return -56% — long capitulation | Analysts: 5 Hold / 8 Buy / 0 Sell, avg target +40% | Insiders bought $1.3M on the open market (last 90d, 1 buyer(s))",Leverage: net debt/EBITDA 2.8x (author's CMCSA trigger was 2.9x) | Missed EPS last quarter (-4%)
SUZ,Suzano S.A. Sponsored ADR,Process Industries,Pulp & Paper,NYSE,8.57,51.60,C,3,Mid-range,8.72,2.38,5.86,-25.70,46.67,3.46,"FCF yield 8.7% vs 10Y Treasury 4.3% and S&P ~4–5% | Fwd P/E 5.9 vs sector median 14.9 | 26% below 52w high, 13% above 52w low | Analysts: 0 Hold / 11 Buy / 0 Sell, avg target +47%",Leverage: net debt/EBITDA 3.5x (author's CMCSA trigger was 2.9x)
B,Barrick Mining Corporation,Non-Energy Minerals,Precious Metals,NYSE,41.09,51.60,C,3,Mid-range,8.13,5.14,11.77,-24.87,22.61,-0.10,"FCF yield 8.1% vs 10Y Treasury 4.3% and S&P ~4–5% | Returns 5.1%/yr to holders (dividend 2.1% + buyback 3.0%) | EV/EBITDA 6.0 vs sector median 9.1 | 25% below 52w high, 35% above 52w low | Analysts: 3 Hold / 6 Buy / 0 Sell, avg target +23%",High beta 1.64 | Missed EPS last quarter (-1%)
SFM,"Sprouts Farmers Market, Inc.",Retail Trade,Food Retail,NASDAQ,63.45,51.50,C,4,Still falling,6.00,3.35,11.42,-44.51,50.35,1.88,"FCF yield 6.0% vs 10Y Treasury 4.3% and S&P ~4–5% | Fwd P/E 11.4 vs sector median 16.6 | 45% below 52w high, 3% above 52w low | Analysts: 7 Hold / 9 Buy / 1 Sell, avg target +50%",
BCO,Brink's Company,Commercial Services,Miscellaneous Commercial Services,NYSE,104.75,51.50,C,3,Mid-range,9.12,5.15,12.70,-23.19,39.70,2.71,"FCF yield 9.1% vs 10Y Treasury 4.3% and S&P ~4–5% | Returns 5.2%/yr to holders (dividend 1.0% + buyback 4.2%) | EV/EBITDA 7.7 vs sector median 11.2 | 23% below 52w high, 15% above 52w low | Analysts: 0 Hold / 4 Buy / 0 Sell, avg target +40%",Leverage: net debt/EBITDA 2.7x (author's CMCSA trigger was 2.9x)
KT,KT Corporation Sponsored ADR,Communications,Major Telecommunications,NYSE,19.16,51.50,C,4,Turning up,12.40,1.93,9.07,-22.05,36.23,1.26,"FCF yield 12.4% vs 10Y Treasury 4.3% and S&P ~4–5% | EV/EBITDA 3.9 vs sector median 7.4 | 22% below 52w high, 12% above 52w low | Analysts: 2 Hold / 15 Buy / 0 Sell, avg target +36%",
PCTY,Paylocity Holding Corp.,Technology Services,Packaged Software,NASDAQ,142.72,51.40,C,3,Mid-range,6.56,3.78,16.16,-12.09,21.37,-0.28,"FCF yield 6.6% vs 10Y Treasury 4.3% and S&P ~4–5% | 5-year return -50% — long capitulation | Analysts: 5 Hold / 15 Buy / 0 Sell, avg target +21%",
DOCS,"Doximity, Inc.",Technology Services,Packaged Software,NYSE,26.20,51.40,C,2,Mid-range,6.36,4.07,19.47,-65.27,17.12,-3.07,"FCF yield 6.4% vs 10Y Treasury 4.3% and S&P ~4–5% | Returns 4.1%/yr to holders (dividend 0.0% + buyback 4.1%) | 65% below 52w high, 53% above 52w low | 5-year return -69% — long capitulation",High beta 2.08 | Missed EPS last quarter (-4%)
OVV,Ovintiv Inc,Energy Minerals,Integrated Oil,NYSE,59.53,51.40,C,3,Mid-range,13.71,4.72,7.88,-11.82,27.17,0.92,"FCF yield 13.7% vs 10Y Treasury 4.3% and S&P ~4–5% | Returns 4.7%/yr to holders (dividend 2.0% + buyback 2.7%) | EV/EBITDA 4.4 vs sector median 6.0 | Analysts: 6 Hold / 23 Buy / 0 Sell, avg target +27%",Missed EPS last quarter (-8%)
HAL,Halliburton Company,Industrial Services,Oilfield Services/Equipment,NYSE,32.43,51.30,C,3,Still falling,6.38,5.88,13.87,-25.60,34.91,1.50,"FCF yield 6.4% vs 10Y Treasury 4.3% and S&P ~4–5% | Returns 5.9%/yr to holders (dividend 2.1% + buyback 3.8%) | Fwd P/E 13.9 vs sector median 22.7 | 26% below 52w high, 51% above 52w low | Analysts: 9 Hold / 19 Buy / 1 Sell, avg target +35%",
EFX,Equifax Inc.,Commercial Services,Financial Publishing/Services,NYSE,145.78,51.30,C,2,Still falling,6.45,4.38,17.03,-43.57,45.89,2.73,"FCF yield 6.5% vs 10Y Treasury 4.3% and S&P ~4–5% | Returns 4.4%/yr to holders (dividend 1.5% + buyback 2.9%) | 44% below 52w high, 1% above 52w low | 5-year return -44% — long capitulation | Analysts: 8 Hold / 17 Buy / 0 Sell, avg target +46%",Leverage: net debt/EBITDA 2.7x (author's CMCSA trigger was 2.9x)
VALE,Vale S.A. Sponsored ADR,Non-Energy Minerals,Steel,NYSE,13.59,51.30,C,3,Still falling,7.11,6.91,7.52,-24.25,24.03,0.88,"FCF yield 7.1% vs 10Y Treasury 4.3% and S&P ~4–5% | Returns 6.9%/yr to holders (dividend 6.9% + buyback 0.0%) | Fwd P/E 7.5 vs sector median 13.9 | 24% below 52w high, 27% above 52w low | Analysts: 15 Hold / 12 Buy / 1 Sell, avg target +24%",Dividend barely covered by FCF (1.0x) | Missed EPS last quarter (-31%)
SONY,Sony Group Corporation Sponsored ADR,Electronic Technology,Computer Processing Hardware,NYSE,23.33,51.20,C,2,Mid-range,7.44,0.47,17.03,-23.10,32.74,-0.10,"FCF yield 7.4% vs 10Y Treasury 4.3% and S&P ~4–5% | Fwd P/E 17.0 vs sector median 29.0 | 23% below 52w high, 21% above 52w low | Analysts: 1 Hold / 19 Buy / 0 Sell, avg target +33%",Revenue shrinking -1.7% y/y — value-trap risk
NOC,Northrop Grumman Corp.,Electronic Technology,Aerospace & Defense,NYSE,505.80,51.20,C,4,Near lows,5.07,3.91,17.47,-34.65,28.48,2.41,"Fwd P/E 17.5 vs sector median 29.0 | 35% below 52w high, 6% above 52w low | Analysts: 10 Hold / 14 Buy / 0 Sell, avg target +28%",
TRMB,Trimble Inc.,Technology Services,Packaged Software,NASDAQ,57.51,51.10,C,3,Mid-range,5.77,3.99,15.67,-31.88,38.32,1.37,"32% below 52w high, 20% above 52w low | 5-year return -33% — long capitulation | Analysts: 1 Hold / 10 Buy / 0 Sell, avg target +38%",
Z,"Zillow Group, Inc.",Technology Services,Internet Software/Services,NASDAQ,27.44,51.10,B,5,Still falling,4.13,0.00,12.27,-66.36,67.47,-0.38,"Fwd P/E 12.3 vs sector median 19.5 | 66% below 52w high, 1% above 52w low | 5-year return -69% — long capitulation | Analysts: 15 Hold / 12 Buy / 0 Sell, avg target +67%",
CWEN,"Clearway Energy, Inc.",Utilities,Alternative Power Generation,NYSE,29.21,51.00,C,4,Still falling,11.19,6.13,,-30.02,47.83,8.09,"FCF yield 11.2% vs 10Y Treasury 4.3% and S&P ~4–5% | Returns 6.1%/yr to holders (dividend 6.1% + buyback 0.0%) | 30% below 52w high, 4% above 52w low | Analysts: 1 Hold / 10 Buy / 0 Sell, avg target +48%",Leverage: net debt/EBITDA 8.1x (author's CMCSA trigger was 2.9x)
ON,ON Semiconductor Corporation,Electronic Technology,Semiconductors,NASDAQ,75.65,51.00,B,5,Mid-range,5.09,6.20,23.66,-43.93,40.17,0.44,"Returns 6.2%/yr to holders (dividend 0.0% + buyback 6.2%) | EV/EBITDA 15.8 vs sector median 23.5 | 44% below 52w high, 70% above 52w low | Analysts: 15 Hold / 13 Buy / 0 Sell, avg target +40%",Revenue shrinking -3.1% y/y — value-trap risk | High beta 2.40
BBY,"Best Buy Co., Inc.",Retail Trade,Electronics/Appliance Stores,NYSE,89.91,50.90,C,4,Mid-range,9.38,5.31,13.21,-6.86,-3.06,0.55,FCF yield 9.4% vs 10Y Treasury 4.3% and S&P ~4–5% | Returns 5.3%/yr to holders (dividend 4.2% + buyback 1.1%) | Fwd P/E 13.2 vs sector median 16.6,
PAGP,Plains GP Holdings LP,Industrial Services,Oil & Gas Pipelines,NASDAQ,26.60,50.90,C,4,Mid-range,45.02,7.57,10.99,-7.32,-1.97,3.09,FCF yield 45.0% vs 10Y Treasury 4.3% and S&P ~4–5% | Returns 7.6%/yr to holders (dividend 7.6% + buyback 0.0%) | Fwd P/E 11.0 vs sector median 22.7,Leverage: net debt/EBITDA 3.1x (author's CMCSA trigger was 2.9x) | FCF yield looks too high — check for one-offs (the author's 'P/E illusion' warning)
CE,Celanese Corporation,Process Industries,Chemicals: Specialty,NYSE,45.92,50.90,C,4,Turning up,14.05,0.25,7.65,-35.05,34.90,6.52,"FCF yield 14.0% vs 10Y Treasury 4.3% and S&P ~4–5% | Fwd P/E 7.7 vs sector median 14.9 | 35% below 52w high, 31% above 52w low | 5-year return -71% — long capitulation | Analysts: 7 Hold / 12 Buy / 0 Sell, avg target +35% | Insiders bought $230.1K on the open market (last 90d, 3 buyer(s))",Leverage: net debt/EBITDA 6.5x (author's CMCSA trigger was 2.9x) | Revenue shrinking -2.3% y/y — value-trap risk
AMX,America Movil SAB de CV Sponsored ADR,Communications,Wireless Telecommunications,NYSE,21.66,50.90,C,3,Still falling,11.71,3.90,11.86,-23.89,29.91,1.70,"FCF yield 11.7% vs 10Y Treasury 4.3% and S&P ~4–5% | EV/EBITDA 5.0 vs sector median 7.4 | 24% below 52w high, 10% above 52w low | Analysts: 5 Hold / 13 Buy / 0 Sell, avg target +30%",Missed EPS last quarter (-5%)
HRL,Hormel Foods Corporation,Consumer Non-Durables,Food: Meat/Fish/Dairy,NYSE,19.97,50.90,C,4,Near lows,7.10,5.92,13.44,-24.92,29.57,1.70,"FCF yield 7.1% vs 10Y Treasury 4.3% and S&P ~4–5% | Returns 5.9%/yr to holders (dividend 5.9% + buyback 0.0%) | 25% below 52w high, 3% above 52w low | 5-year return -51% — long capitulation | Analysts: 8 Hold / 2 Buy / 0 Sell, avg target +30%",Dividend barely covered by FCF (1.2x)
HMY,Harmony Gold Mining Co. Ltd. Sponsored ADR,Non-Energy Minerals,Precious Metals,NYSE,17.74,50.90,C,4,Mid-range,8.15,1.72,5.49,-31.93,42.34,-0.00,"FCF yield 8.2% vs 10Y Treasury 4.3% and S&P ~4–5% | Fwd P/E 5.5 vs sector median 13.9 | 32% below 52w high, 36% above 52w low | Analysts: 3 Hold / 7 Buy / 0 Sell, avg target +42%",High beta 2.60
OTIS,Otis Worldwide Corporation,Industrial Services,Engineering & Construction,NYSE,66.33,50.90,C,3,Near lows,6.78,4.57,16.41,-29.86,29.53,3.20,"FCF yield 6.8% vs 10Y Treasury 4.3% and S&P ~4–5% | Returns 4.6%/yr to holders (dividend 2.6% + buyback 2.0%) | Fwd P/E 16.4 vs sector median 22.7 | 30% below 52w high, 2% above 52w low | Analysts: 8 Hold / 7 Buy / 1 Sell, avg target +30%",Leverage: net debt/EBITDA 3.2x (author's CMCSA trigger was 2.9x)
HAYW,"Hayward Holdings, Inc.",Consumer Durables,Recreational Products,NYSE,12.52,50.80,C,4,Still falling,7.51,0.00,14.47,-29.39,43.10,1.74,"FCF yield 7.5% vs 10Y Treasury 4.3% and S&P ~4–5% | 29% below 52w high, 1% above 52w low | 5-year return -45% — long capitulation | Analysts: 6 Hold / 3 Buy / 0 Sell, avg target +43%",
NOV,NOV Inc.,Industrial Services,Oilfield Services/Equipment,NYSE,19.50,50.70,C,4,Mid-range,8.08,7.10,21.29,-11.08,15.10,1.21,FCF yield 8.1% vs 10Y Treasury 4.3% and S&P ~4–5% | Returns 7.1%/yr to holders (dividend 1.7% + buyback 5.4%) | EV/EBITDA 8.5 vs sector median 14.5,Revenue shrinking -1.6% y/y — value-trap risk
IBP,"Installed Building Products, Inc.",Industrial Services,Engineering & Construction,NYSE,196.09,50.60,C,3,Near lows,5.60,3.58,18.79,-43.81,22.35,1.54,"EV/EBITDA 11.5 vs sector median 14.5 | 44% below 52w high, 2% above 52w low | Analysts: 11 Hold / 2 Buy / 0 Sell, avg target +22%",
CMC,Commercial Metals Company,Non-Energy Minerals,Steel,NYSE,64.49,50.60,C,3,Mid-range,5.68,3.71,10.12,-24.01,24.47,2.64,"Fwd P/E 10.1 vs sector median 13.9 | 24% below 52w high, 21% above 52w low | Analysts: 5 Hold / 8 Buy / 0 Sell, avg target +24% | Insiders bought $604.5K on the open market (last 90d, 2 buyer(s))",Leverage: net debt/EBITDA 2.6x (author's CMCSA trigger was 2.9x)
WLY,"John Wiley & Sons, Inc.",Consumer Services,Publishing: Books/Magazines,NYSE,47.61,50.60,C,3,Mid-range,9.93,8.66,9.92,-17.13,42.83,2.90,FCF yield 9.9% vs 10Y Treasury 4.3% and S&P ~4–5% | Returns 8.7%/yr to holders (dividend 3.0% + buyback 5.7%) | Fwd P/E 9.9 vs sector median 17.1,Leverage: net debt/EBITDA 2.9x (author's CMCSA trigger was 2.9x) | Revenue shrinking -0.3% y/y — value-trap risk
NXT,Nextpower Inc.,Electronic Technology,Electronic Equipment/Instruments,NASDAQ,79.13,50.50,C,4,Near lows,4.55,0.00,16.91,-51.49,79.12,-1.57,"Fwd P/E 16.9 vs sector median 29.0 | 51% below 52w high, 8% above 52w low | Analysts: 4 Hold / 24 Buy / 0 Sell, avg target +79%",
DAC,Danaos Corporation,Transportation,Marine Shipping,NYSE,153.28,50.30,C,4,Mid-range,6.18,6.14,5.32,-6.33,6.34,-0.03,FCF yield 6.2% vs 10Y Treasury 4.3% and S&P ~4–5% | Returns 6.1%/yr to holders (dividend 2.3% + buyback 3.8%) | Fwd P/E 5.3 vs sector median 14.8,
CRC,California Resources Corp,Energy Minerals,Integrated Oil,NYSE,51.84,50.30,C,3,Mid-range,8.58,5.63,12.32,-27.98,46.05,0.90,"FCF yield 8.6% vs 10Y Treasury 4.3% and S&P ~4–5% | Returns 5.6%/yr to holders (dividend 3.1% + buyback 2.6%) | EV/EBITDA 4.1 vs sector median 6.0 | 28% below 52w high, 20% above 52w low | Analysts: 2 Hold / 12 Buy / 0 Sell, avg target +46%",Missed EPS last quarter (-27%)
DV,"DoubleVerify Holdings, Inc.",Technology Services,Packaged Software,NYSE,13.40,50.30,C,3,Mid-range,7.73,3.09,30.45,-1.83,1.79,-0.62,FCF yield 7.7% vs 10Y Treasury 4.3% and S&P ~4–5% | EV/EBITDA 12.4 vs sector median 18.2 | 5-year return -62% — long capitulation,Missed EPS last quarter (-25%)
TMUS,"T-Mobile US, Inc.",Communications,Wireless Telecommunications,NASDAQ,166.45,50.30,C,3,Near lows,8.87,5.76,15.24,-30.92,45.54,3.43,"FCF yield 8.9% vs 10Y Treasury 4.3% and S&P ~4–5% | Returns 5.8%/yr to holders (dividend 2.5% + buyback 3.3%) | 31% below 52w high, 3% above 52w low | Analysts: 5 Hold / 21 Buy / 0 Sell, avg target +46%",Leverage: net debt/EBITDA 3.4x (author's CMCSA trigger was 2.9x)
REYN,Reynolds Consumer Products Inc,Consumer Non-Durables,Household/Personal Care,NASDAQ,22.08,50.30,C,2,Near lows,6.88,4.25,13.70,-19.18,22.93,2.36,"FCF yield 6.9% vs 10Y Treasury 4.3% and S&P ~4–5% | Returns 4.2%/yr to holders (dividend 4.2% + buyback 0.0%) | Analysts: 5 Hold / 2 Buy / 0 Sell, avg target +23%",
LYB,LyondellBasell Industries NV,Process Industries,Chemicals: Specialty,NYSE,58.27,50.20,C,4,Mid-range,8.38,6.47,6.33,-30.58,18.04,3.00,"FCF yield 8.4% vs 10Y Treasury 4.3% and S&P ~4–5% | Returns 6.5%/yr to holders (dividend 5.9% + buyback 0.6%) | Fwd P/E 6.3 vs sector median 14.9 | 31% below 52w high, 40% above 52w low | 5-year return -40% — long capitulation",Leverage: net debt/EBITDA 3.0x (author's CMCSA trigger was 2.9x) | Revenue shrinking -11.1% y/y — value-trap risk
PTON,"Peloton Interactive, Inc.",Consumer Services,Other Consumer Services,NASDAQ,4.80,50.10,C,4,Mid-range,17.93,0.00,14.88,-47.83,64.58,1.86,"FCF yield 17.9% vs 10Y Treasury 4.3% and S&P ~4–5% | EV/EBITDA 9.7 vs sector median 12.7 | 48% below 52w high, 32% above 52w low | 5-year return -95% — long capitulation | Analysts: 9 Hold / 9 Buy / 2 Sell, avg target +65%",Revenue shrinking -1.8% y/y — value-trap risk | High beta 1.55
EQT,EQT Corporation,Energy Minerals,Integrated Oil,NYSE,49.87,49.80,C,2,Still falling,12.07,1.30,12.30,-26.92,36.21,0.83,"FCF yield 12.1% vs 10Y Treasury 4.3% and S&P ~4–5% | 27% below 52w high, 4% above 52w low | Analysts: 6 Hold / 22 Buy / 0 Sell, avg target +36%",Missed EPS last quarter (-5%)
EC,Ecopetrol SA Sponsored ADR,Energy Minerals,Integrated Oil,NYSE,16.70,49.80,C,3,Mid-range,12.01,3.92,7.48,-9.14,-15.29,2.38,FCF yield 12.0% vs 10Y Treasury 4.3% and S&P ~4–5%,
ROP,"Roper Technologies, Inc.",Technology Services,Packaged Software,NASDAQ,354.00,49.70,C,2,Still falling,7.49,1.64,15.93,-32.09,24.95,3.38,"FCF yield 7.5% vs 10Y Treasury 4.3% and S&P ~4–5% | EV/EBITDA 14.2 vs sector median 18.2 | 32% below 52w high, 16% above 52w low | Analysts: 13 Hold / 6 Buy / 2 Sell, avg target +25%",Leverage: net debt/EBITDA 3.4x (author's CMCSA trigger was 2.9x)
MORN,"Morningstar, Inc.",Commercial Services,Financial Publishing/Services,NASDAQ,191.56,49.70,C,3,Mid-range,6.92,8.30,15.55,-18.45,23.55,1.73,"FCF yield 6.9% vs 10Y Treasury 4.3% and S&P ~4–5% | Returns 8.3%/yr to holders (dividend 1.0% + buyback 7.3%) | Analysts: 1 Hold / 2 Buy / 0 Sell, avg target +24%",
SM,SM Energy Company,Energy Minerals,Integrated Oil,NYSE,33.55,49.60,C,4,Mid-range,9.50,2.48,4.51,-19.27,31.48,1.72,"FCF yield 9.5% vs 10Y Treasury 4.3% and S&P ~4–5% | Fwd P/E 4.5 vs sector median 9.0 | Analysts: 7 Hold / 10 Buy / 1 Sell, avg target +31%",
BVN,Compania de Minas Buenaventura SAA Sponsored ADR,Non-Energy Minerals,Precious Metals,NYSE,32.05,49.60,C,2,Mid-range,7.38,1.26,7.60,-28.25,17.00,-0.06,"FCF yield 7.4% vs 10Y Treasury 4.3% and S&P ~4–5% | Fwd P/E 7.6 vs sector median 13.9 | 28% below 52w high, 53% above 52w low",Missed EPS last quarter (-12%)
BF.A,Brown-Forman Corporation,Consumer Non-Durables,Beverages: Alcoholic,NYSE,26.57,49.60,C,2,Mid-range,7.68,3.45,15.56,-14.68,4.73,1.75,FCF yield 7.7% vs 10Y Treasury 4.3% and S&P ~4–5% | 5-year return -58% — long capitulation,Revenue shrinking -0.2% y/y — value-trap risk
XYZ,"Block, Inc.",Commercial Services,Miscellaneous Commercial Services,NYSE,73.31,49.60,C,4,Mid-range,8.81,3.13,18.07,-15.66,35.38,-0.08,"FCF yield 8.8% vs 10Y Treasury 4.3% and S&P ~4–5% | 5-year return -71% — long capitulation | Analysts: 9 Hold / 33 Buy / 0 Sell, avg target +35%",High beta 1.78
CXT,"Crane NXT, Co.",Producer Manufacturing,Industrial Machinery,NYSE,47.50,49.60,C,4,Mid-range,8.19,1.49,11.03,-31.16,44.66,2.93,"FCF yield 8.2% vs 10Y Treasury 4.3% and S&P ~4–5% | Fwd P/E 11.0 vs sector median 19.6 | 31% below 52w high, 33% above 52w low | Analysts: 1 Hold / 6 Buy / 0 Sell, avg target +45%",Leverage: net debt/EBITDA 2.9x (author's CMCSA trigger was 2.9x)
SPSC,"SPS Commerce, Inc.",Technology Services,Packaged Software,NASDAQ,81.01,49.50,C,3,Mid-range,6.81,0.38,16.52,-29.48,-6.86,-0.91,"FCF yield 6.8% vs 10Y Treasury 4.3% and S&P ~4–5% | 29% below 52w high, 65% above 52w low | 5-year return -50% — long capitulation",
DY,"Dycom Industries, Inc.",Industrial Services,Engineering & Construction,NYSE,266.79,49.50,C,4,Still falling,5.82,0.00,15.64,-52.90,95.25,2.90,"Fwd P/E 15.6 vs sector median 22.7 | 53% below 52w high, 1% above 52w low | Analysts: 0 Hold / 11 Buy / 0 Sell, avg target +95% | Insiders bought $551.3K on the open market (last 90d, 3 buyer(s))",Leverage: net debt/EBITDA 2.9x (author's CMCSA trigger was 2.9x)
WYNN,"Wynn Resorts, Limited",Consumer Services,Casinos/Gaming,NASDAQ,80.52,49.50,C,3,Still falling,9.56,4.79,17.42,-40.24,66.24,5.55,"FCF yield 9.6% vs 10Y Treasury 4.3% and S&P ~4–5% | Returns 4.8%/yr to holders (dividend 1.2% + buyback 3.6%) | EV/EBITDA 9.6 vs sector median 12.7 | 40% below 52w high, 4% above 52w low | Analysts: 0 Hold / 21 Buy / 0 Sell, avg target +66%",Leverage: net debt/EBITDA 5.5x (author's CMCSA trigger was 2.9x)
RMD,ResMed Inc.,Health Technology,Medical Specialties,NYSE,222.10,49.50,C,2,Turning up,5.15,2.57,18.36,-22.03,18.11,-0.30,"22% below 52w high, 23% above 52w low",
VRSK,"Verisk Analytics, Inc.",Technology Services,Data Processing Services,NASDAQ,167.77,49.40,C,4,Near lows,5.66,2.56,21.75,-33.78,41.44,2.35,"34% below 52w high, 8% above 52w low | Analysts: 9 Hold / 8 Buy / 0 Sell, avg target +41%",
NVR,"NVR, Inc.",Consumer Durables,Homebuilding,NYSE,6267.89,49.40,C,3,Mid-range,6.26,7.31,17.41,-23.56,7.18,-0.12,"FCF yield 6.3% vs 10Y Treasury 4.3% and S&P ~4–5% | Returns 7.3%/yr to holders (dividend 0.0% + buyback 7.3%) | 24% below 52w high, 14% above 52w low | Insiders bought $405.2K on the open market (last 90d, 1 buyer(s))",Revenue shrinking -9.7% y/y — value-trap risk | Missed EPS last quarter (-7%)
LW,"Lamb Weston Holdings, Inc.",Consumer Non-Durables,Food: Specialty/Candy,NYSE,43.18,49.40,C,3,Still falling,9.10,4.74,14.38,-35.62,24.85,3.72,"FCF yield 9.1% vs 10Y Treasury 4.3% and S&P ~4–5% | Returns 4.7%/yr to holders (dividend 3.5% + buyback 1.3%) | 36% below 52w high, 15% above 52w low | Analysts: 10 Hold / 2 Buy / 0 Sell, avg target +25%",Leverage: net debt/EBITDA 3.7x (author's CMCSA trigger was 2.9x)
RBA,"RB Global, Inc.",Technology Services,Internet Software/Services,NYSE,80.77,49.30,C,3,Near lows,3.98,1.49,18.89,-32.31,59.98,2.58,"EV/EBITDA 12.9 vs sector median 18.2 | 32% below 52w high, 1% above 52w low | Analysts: 1 Hold / 9 Buy / 0 Sell, avg target +60% | Insiders bought $181.4K on the open market (last 90d, 2 buyer(s))",Leverage: net debt/EBITDA 2.6x (author's CMCSA trigger was 2.9x) | Missed EPS last quarter (-0%)
ENIC,Enel Chile SA Sponsored ADR,Utilities,Electric Utilities,NYSE,4.26,49.30,C,2,Mid-range,9.93,3.77,9.98,-10.13,11.09,2.80,FCF yield 9.9% vs 10Y Treasury 4.3% and S&P ~4–5% | Fwd P/E 10.0 vs sector median 17.4,Leverage: net debt/EBITDA 2.8x (author's CMCSA trigger was 2.9x) | Missed EPS last quarter (-0%)
DOW,"Dow, Inc.",Process Industries,Chemicals: Specialty,NYSE,27.89,49.30,C,2,Mid-range,7.94,5.00,11.84,-34.74,25.07,3.48,"FCF yield 7.9% vs 10Y Treasury 4.3% and S&P ~4–5% | Returns 5.0%/yr to holders (dividend 5.0% + buyback 0.0%) | Fwd P/E 11.8 vs sector median 14.9 | 35% below 52w high, 35% above 52w low | 5-year return -54% — long capitulation | Analysts: 12 Hold / 8 Buy / 0 Sell, avg target +25%",Leverage: net debt/EBITDA 3.5x (author's CMCSA trigger was 2.9x) | Revenue shrinking -1.2% y/y — value-trap risk
XYL,Xylem Inc.,Producer Manufacturing,Industrial Machinery,NYSE,100.91,49.20,C,3,Still falling,3.92,1.65,17.82,-34.59,54.13,0.90,"35% below 52w high, 0% above 52w low | Analysts: 7 Hold / 13 Buy / 0 Sell, avg target +54%",
CW,Curtiss-Wright Corporation,Electronic Technology,Aerospace & Defense,NYSE,532.36,49.20,C,4,Still falling,3.18,2.28,34.78,-34.13,48.44,0.83,"34% below 52w high, 2% above 52w low | Analysts: 4 Hold / 7 Buy / 0 Sell, avg target +48% | Insiders bought $149.0K on the open market (last 90d, 1 buyer(s))",
IR,Ingersoll Rand Inc.,Producer Manufacturing,Industrial Machinery,NYSE,76.38,49.20,C,4,Mid-range,4.11,3.02,21.56,-24.35,27.54,1.82,"24% below 52w high, 12% above 52w low | Analysts: 10 Hold / 6 Buy / 0 Sell, avg target +28% | Insiders bought $1.0M on the open market (last 90d, 1 buyer(s))",
GGB,Gerdau S.A. Pfd Sponsored ADR Repr 1 Pfd Sh,Non-Energy Minerals,Steel,NYSE,4.78,49.10,C,3,Mid-range,6.78,7.58,8.89,-7.72,10.99,1.12,FCF yield 6.8% vs 10Y Treasury 4.3% and S&P ~4–5% | Returns 7.6%/yr to holders (dividend 2.7% + buyback 4.9%) | Fwd P/E 8.9 vs sector median 13.9,Missed EPS last quarter (-0%)
TNK,Teekay Tankers Ltd,Transportation,Marine Shipping,NYSE,95.71,49.10,C,3,Mid-range,11.05,1.06,5.33,-7.22,-0.01,-2.23,FCF yield 11.1% vs 10Y Treasury 4.3% and S&P ~4–5% | Fwd P/E 5.3 vs sector median 14.8,Missed EPS last quarter (-1%)
UTHR,United Therapeutics Corporation,Health Technology,Biotechnology,NASDAQ,485.54,49.10,C,3,Mid-range,5.23,2.65,18.60,-20.32,31.38,-1.78,"EV/EBITDA 12.1 vs sector median 16.7 | 20% below 52w high, 19% above 52w low | Analysts: 3 Hold / 12 Buy / 1 Sell, avg target +31%",
NFLX,"Netflix, Inc.",Technology Services,Internet Software/Services,NASDAQ,69.23,49.00,C,4,Still falling,3.87,1.30,19.25,-44.55,35.15,0.23,"EV/EBITDA 9.1 vs sector median 18.2 | 45% below 52w high, 6% above 52w low | Analysts: 17 Hold / 32 Buy / 1 Sell, avg target +35%",
OMAB,Grupo Aeroportuario del Centro Norte SAB de CV Sponsored ADR,Transportation,Other Transportation,NASDAQ,101.87,49.00,C,1,Near lows,6.80,4.61,13.80,-24.54,19.50,1.21,"FCF yield 6.8% vs 10Y Treasury 4.3% and S&P ~4–5% | Returns 4.6%/yr to holders (dividend 4.6% + buyback 0.0%) | 25% below 52w high, 6% above 52w low",Missed EPS last quarter (-2%)
CALX,"Calix, Inc.",Electronic Technology,Telecommunications Equipment,NYSE,33.19,49.00,C,4,Still falling,4.09,0.00,19.28,-53.40,87.81,-2.28,"Fwd P/E 19.3 vs sector median 29.0 | 53% below 52w high, 3% above 52w low | 5-year return -36% — long capitulation | Analysts: 1 Hold / 8 Buy / 0 Sell, avg target +88%",
PAA,"Plains All American Pipeline, L.P.",Industrial Services,Oil & Gas Pipelines,NASDAQ,24.53,48.90,C,4,Mid-range,13.72,6.69,15.32,-7.03,5.99,3.13,FCF yield 13.7% vs 10Y Treasury 4.3% and S&P ~4–5% | Returns 6.7%/yr to holders (dividend 6.7% + buyback 0.0%) | Fwd P/E 15.3 vs sector median 22.7,Leverage: net debt/EBITDA 3.1x (author's CMCSA trigger was 2.9x)
RYAAY,Ryanair Holdings PLC Sponsored ADR,Transportation,Airlines,NASDAQ,55.13,48.90,C,2,Near lows,7.25,3.15,14.32,-25.74,19.69,-0.73,"FCF yield 7.2% vs 10Y Treasury 4.3% and S&P ~4–5% | EV/EBITDA 5.9 vs sector median 8.8 | 26% below 52w high, 7% above 52w low",Missed EPS last quarter (-14%)
HSY,Hershey Company,Consumer Non-Durables,Food: Specialty/Candy,NYSE,164.41,48.70,C,3,Still falling,6.52,3.44,19.36,-31.35,24.40,1.91,"FCF yield 6.5% vs 10Y Treasury 4.3% and S&P ~4–5% | 31% below 52w high, 2% above 52w low | Analysts: 16 Hold / 8 Buy / 1 Sell, avg target +24%",
EXP,Eagle Materials Inc.,Non-Energy Minerals,Construction Materials,NYSE,175.87,48.70,C,4,Still falling,3.16,9.10,13.94,-28.37,25.38,2.22,"Returns 9.1%/yr to holders (dividend 0.6% + buyback 8.5%) | 28% below 52w high, 2% above 52w low | Analysts: 12 Hold / 0 Buy / 0 Sell, avg target +25%",
PATH,"UiPath, Inc.",Technology Services,Packaged Software,NYSE,12.19,48.70,C,4,Still falling,5.71,0.00,15.49,-38.56,29.46,-6.47,"Fwd P/E 15.5 vs sector median 19.5 | 39% below 52w high, 32% above 52w low | 5-year return -77% — long capitulation | Analysts: 18 Hold / 3 Buy / 0 Sell, avg target +29%",
TGS,Transportadora de Gas del Sur SA Sponsored ADR Class B RegS,Utilities,Gas Distributors,NYSE,25.86,48.60,C,2,Still falling,6.57,0.00,10.00,-28.86,69.75,-0.45,"FCF yield 6.6% vs 10Y Treasury 4.3% and S&P ~4–5% | Fwd P/E 10.0 vs sector median 17.4 | 29% below 52w high, 29% above 52w low | Analysts: 0 Hold / 4 Buy / 1 Sell, avg target +70%",Missed EPS last quarter (-19%)
SLGN,Silgan Holdings Inc.,Process Industries,Containers/Packaging,NYSE,35.95,48.60,C,3,Still falling,9.02,3.55,9.41,-27.45,53.85,4.60,"FCF yield 9.0% vs 10Y Treasury 4.3% and S&P ~4–5% | Fwd P/E 9.4 vs sector median 14.9 | 27% below 52w high, 2% above 52w low | Analysts: 1 Hold / 12 Buy / 0 Sell, avg target +54%",Leverage: net debt/EBITDA 4.6x (author's CMCSA trigger was 2.9x)
ADEA,Adeia Inc.,Technology Services,Packaged Software,NASDAQ,24.92,48.60,C,3,Mid-range,6.86,0.78,17.50,-27.43,72.55,0.91,"FCF yield 6.9% vs 10Y Treasury 4.3% and S&P ~4–5% | EV/EBITDA 10.6 vs sector median 18.2 | 27% below 52w high, 115% above 52w low | Analysts: 0 Hold / 3 Buy / 0 Sell, avg target +73%",
SWK,"Stanley Black & Decker, Inc.",Consumer Durables,Tools & Hardware,NYSE,88.73,48.50,C,4,Mid-range,9.62,3.63,15.86,-15.24,13.52,2.20,FCF yield 9.6% vs 10Y Treasury 4.3% and S&P ~4–5% | 5-year return -52% — long capitulation,
RCI,Rogers Communications Inc.,Communications,Wireless Telecommunications,NYSE,31.43,48.50,C,2,Still falling,11.34,4.43,9.38,-23.60,34.01,4.34,"FCF yield 11.3% vs 10Y Treasury 4.3% and S&P ~4–5% | Returns 4.4%/yr to holders (dividend 4.4% + buyback 0.0%) | 24% below 52w high, 1% above 52w low | 5-year return -33% — long capitulation | Analysts: 3 Hold / 12 Buy / 1 Sell, avg target +34%",Leverage: net debt/EBITDA 4.3x (author's CMCSA trigger was 2.9x)
ATMU,"Atmus Filtration Technologies, Inc.",Producer Manufacturing,Auto Parts: OEM,NYSE,44.04,48.50,C,3,Near lows,5.30,2.14,14.88,-33.77,48.05,2.22,"Fwd P/E 14.9 vs sector median 19.6 | 34% below 52w high, 3% above 52w low | Analysts: 1 Hold / 3 Buy / 0 Sell, avg target +48%",
